Date,Time,Category,Name,Notes,Expense,Income
31.12.22,23:14,Coffee,,,CHF 3.97,
31.12.22,17:50,Coffee,,,CHF 8.67,
31.12.22,17:55,Coffee,,,CHF 9.4,
31.12.22,17:34,Coffee,,,CHF 6.86,
30.12.22,23:39,Coffee,,,CHF 11.59,
30.12.22,23:28,Coffee,,,CHF 8.8,
29.12.22,11:23,Coffee,,,CHF 6.24,
29.12.22,11:35,Coffee,,,CHF 8.35,
29.12.22,23:24,Coffee,,,CHF 5.85,
29.12.22,23:23,Coffee,,,CHF 6.63,
28.12.22,17:02,Coffee,,,CHF 7.55,
28.12.22,23:02,Coffee,,,CHF 6.74,
28.12.22,17:30,Coffee,,,CHF 7.31,
28.12.22,17:56,Coffee,,,CHF 7.62,
28.12.22,23:37,Coffee,,,CHF 7.21,
28.12.22,12:00,Gifts,,,,CHF 584.0
27.12.22,05:17,Coffee,,,CHF 8.78,
27.12.22,05:23,Coffee,,,CHF 4.23,
27.12.22,23:54,Coffee,,,CHF 6.7,
26.12.22,23:30,Public Transport,,,CHF 2.04,
26.12.22,17:43,Coffee,,,CHF 7.11,
26.12.22,17:23,Coffee,,,CHF 8.86,
24.12.22,23:17,Coffee,,,CHF 7.87,
24.12.22,17:34,Coffee,,,CHF 8.08,
24.12.22,23:00,Coffee,,,CHF 11.92,
24.12.22,23:21,Coffee,,,CHF 8.97,
24.12.22,23:15,Coffee,,,CHF 9.39,
24.12.22,17:53,Coffee,,,CHF 4.86,
23.12.22,23:49,Public Transport,,,CHF 55.07,
23.12.22,05:13,Coffee,,,CHF 11.15,
22.12.22,17:27,Coffee,,,CHF 6.71,
22.12.22,17:56,Coffee,,,CHF 6.25,
20.12.22,17:25,Coffee,,,CHF 5.37,
20.12.22,23:28,Coffee,,,CHF 6.72,
19.12.22,23:50,Coffee,,,CHF 5.84,
18.12.22,17:18,Coffee,,,CHF 5.59,
16.12.22,17:23,Coffee,,,CHF 6.62,
15.12.22,05:43,Coffee,,,CHF 5.75,
15.12.22,05:56,Coffee,,,CHF 6.01,
15.12.22,05:09,Coffee,,,CHF 9.05,
14.12.22,23:50,Coffee,,,CHF 8.19,
14.12.22,23:20,Coffee,,,CHF 6.22,
13.12.22,23:21,Coffee,,,CHF 8.41,
13.12.22,23:08,Dividends,,,,CHF 915.91
11.12.22,05:59,Coffee,,,CHF 6.94,
10.12.22,23:21,Coffee,,,CHF 7.85,
09.12.22,23:17,Coffee,,,CHF 8.85,
09.12.22,23:01,Coffee,,,CHF 8.01,
08.12.22,17:16,Coffee,,,CHF 0.63,
08.12.22,11:49,Coffee,,,CHF 4.84,
08.12.22,11:36,Coffee,,,CHF 5.54,
08.12.22,23:40,Coffee,,,CHF 7.69,
08.12.22,23:32,Coffee,,,CHF 4.96,
08.12.22,17:36,Coffee,,,CHF 4.89,
07.12.22,05:23,Coffee,,,CHF 4.28,
07.12.22,05:53,Coffee,,,CHF 8.36,
07.12.22,05:27,Coffee,,,CHF 9.03,
05.12.22,11:12,Coffee,,,CHF 7.88,
05.12.22,11:39,Coffee,,,CHF 6.27,
05.12.22,23:36,Coffee,,,CHF 8.85,
05.12.22,17:34,Coffee,,,CHF 8.64,
05.12.22,23:43,Dividends,,,,CHF 945.86
04.12.22,12:00,Rent,,,CHF 3300,
04.12.22,12:00,Utilities,,,CHF 460.35,
04.12.22,23:52,Coffee,,,CHF 8.13,
04.12.22,23:06,Coffee,,,CHF 6.42,
04.12.22,12:00,Salary,,,,CHF 4000
03.12.22,23:32,Coffee,,,CHF 4.53,
03.12.22,23:44,Coffee,,,CHF 6.39,
03.12.22,05:20,Coffee,,,CHF 5.21,
03.12.22,05:56,Coffee,,,CHF 7.14,
02.12.22,23:24,Coffee,,,CHF 2.36,
01.12.22,23:55,Coffee,,,CHF 3.77,
30.11.22,23:25,Coffee,,,CHF 8.64,
29.11.22,17:15,Coffee,,,CHF 10.23,
29.11.22,23:19,Coffee,,,CHF 9.6,
29.11.22,17:59,Coffee,,,CHF 7.77,
29.11.22,11:39,Coffee,,,CHF 7.13,
29.11.22,23:24,Coffee,,,CHF 4.81,
29.11.22,11:53,Coffee,,,CHF 8.19,
29.11.22,17:48,Coffee,,,CHF 8.94,
27.11.22,17:15,Coffee,,,CHF 12.36,
27.11.22,17:44,Coffee,,,CHF 6.89,
27.11.22,23:43,Coffee,,,CHF 7.42,
26.11.22,23:59,Coffee,,,CHF 8.15,
26.11.22,23:22,Coffee,,,CHF 6.2,
25.11.22,11:37,Coffee,,,CHF 6.49,
25.11.22,11:45,Coffee,,,CHF 4.27,
25.11.22,23:43,Coffee,,,CHF 6.21,
25.11.22,05:45,Coffee,,,CHF 12.23,
25.11.22,16:21,Dividends,,,,CHF 782.26
24.11.22,23:11,Food,,,CHF 572.39,
24.11.22,23:12,Coffee,,,CHF 6.27,
23.11.22,23:32,Coffee,,,CHF 6.25,
23.11.22,17:13,Coffee,,,CHF 6.43,
23.11.22,17:05,Coffee,,,CHF 8.61,
22.11.22,11:15,Coffee,,,CHF 9.78,
22.11.22,11:38,Coffee,,,CHF 8.24,
22.11.22,11:25,Coffee,,,CHF 7.52,
21.11.22,05:29,Coffee,,,CHF 6.64,
20.11.22,23:49,Coffee,,,CHF 9.52,
20.11.22,23:34,Coffee,,,CHF 9.91,
19.11.22,17:38,Coffee,,,CHF 7.04,
19.11.22,17:55,Coffee,,,CHF 8.08,
19.11.22,23:43,Coffee,,,CHF 7.16,
18.11.22,23:46,Coffee,,,CHF 3.03,
18.11.22,23:11,Coffee,,,CHF 7.12,
17.11.22,05:51,Coffee,,,CHF 9.49,
17.11.22,05:52,Coffee,,,CHF 5.35,
17.11.22,05:12,Coffee,,,CHF 4.72,
16.11.22,23:54,Coffee,,,CHF 5.11,
16.11.22,11:35,Coffee,,,CHF 5.95,
16.11.22,11:52,Coffee,,,CHF 6.57,
16.11.22,10:40,Dividends,,,,CHF 686.14
15.11.22,17:31,Coffee,,,CHF 4.52,
15.11.22,23:00,Coffee,,,CHF 8.78,
15.11.22,17:10,Coffee,,,CHF 8.07,
14.11.22,23:32,Coffee,,,CHF 9.77,
13.11.22,11:02,Coffee,,,CHF 6.04,
13.11.22,23:08,Coffee,,,CHF 5.93,
13.11.22,11:19,Coffee,,,CHF 5.62,
13.11.22,23:07,Coffee,,,CHF 9.36,
13.11.22,11:55,Coffee,,,CHF 5.91,
13.11.22,17:04,Coffee,,,CHF 5.36,
13.11.22,17:49,Coffee,,,CHF 4.93,
12.11.22,05:03,Coffee,,,CHF 5.07,
12.11.22,05:15,Coffee,,,CHF 6.25,
10.11.22,17:49,Coffee,,,CHF 6.19,
10.11.22,11:01,Coffee,,,CHF 6.9,
10.11.22,17:35,Coffee,,,CHF 7.12,
10.11.22,11:27,Coffee,,,CHF 5.87,
10.11.22,23:31,Dividends,,,,CHF 643.04
08.11.22,23:54,Food,,,CHF 179.39,
08.11.22,17:20,Coffee,,,CHF 8.97,
08.11.22,23:25,Coffee,,,CHF 5.01,
07.11.22,11:12,Coffee,,,CHF 5.01,
07.11.22,11:44,Coffee,,,CHF 6.0,
06.11.22,23:59,Coffee,,,CHF 5.26,
05.11.22,23:53,Coffee,,,CHF 8.03,
04.11.22,12:00,Rent,,,CHF 3300,
04.11.22,12:00,Utilities,,,CHF 535.75,
04.11.22,05:36,Coffee,,,CHF 8.91,
04.11.22,05:07,Coffee,,,CHF 5.66,
04.11.22,23:54,Coffee,,,CHF 10.89,
04.11.22,05:55,Coffee,,,CHF 9.48,
04.11.22,05:32,Coffee,,,CHF 11.44,
04.11.22,11:41,Coffee,,,CHF 7.24,
04.11.22,11:08,Coffee,,,CHF 7.7,
04.11.22,12:00,Salary,,,,CHF 4000
02.11.22,23:28,Food,,,CHF 182.75,
02.11.22,23:05,Coffee,,,CHF 10.5,
01.11.22,11:46,Coffee,,,CHF 7.0,
01.11.22,11:22,Coffee,,,CHF 5.07,
31.10.22,23:36,Coffee,,,CHF 5.12,
30.10.22,23:50,Coffee,,,CHF 8.26,
29.10.22,23:09,Food,,,CHF 84.63,
29.10.22,11:50,Coffee,,,CHF 6.06,
29.10.22,23:06,Coffee,,,CHF 7.39,
27.10.22,05:59,Coffee,,,CHF 7.33,
27.10.22,23:04,Coffee,,,CHF 6.67,
26.10.22,23:06,Coffee,,,CHF 6.94,
25.10.22,23:09,Coffee,,,CHF 8.75,
25.10.22,23:09,Dividends,,,,CHF 781.15
24.10.22,23:00,Food,,,CHF 41.19,
23.10.22,11:05,Coffee,,,CHF 2.92,
23.10.22,11:56,Coffee,,,CHF 8.83,
23.10.22,23:40,Coffee,,,CHF 6.71,
23.10.22,05:53,Coffee,,,CHF 6.63,
23.10.22,17:34,Coffee,,,CHF 4.34,
23.10.22,23:56,Coffee,,,CHF 5.69,
23.10.22,05:32,Coffee,,,CHF 5.63,
23.10.22,17:04,Coffee,,,CHF 2.83,
21.10.22,23:04,Coffee,,,CHF 7.96,
20.10.22,23:51,Coffee,,,CHF 5.31,
19.10.22,05:45,Coffee,,,CHF 2.7,
19.10.22,17:22,Coffee,,,CHF 4.51,
19.10.22,23:36,Coffee,,,CHF 7.65,
19.10.22,05:24,Coffee,,,CHF 5.71,
19.10.22,17:32,Coffee,,,CHF 4.95,
19.10.22,17:54,Coffee,,,CHF 7.03,
17.10.22,23:42,Coffee,,,CHF 6.78,
17.10.22,23:39,Coffee,,,CHF 7.1,
17.10.22,11:14,Coffee,,,CHF 8.5,
17.10.22,23:22,Coffee,,,CHF 6.67,
17.10.22,23:09,Coffee,,,CHF 7.07,
17.10.22,23:48,Dividends,,,,CHF 808.28
16.10.22,17:42,Coffee,,,CHF 6.56,
16.10.22,22:31,Coffee,,,CHF 5.81,
15.10.22,05:51,Coffee,,,CHF 4.52,
15.10.22,05:49,Coffee,,,CHF 10.61,
15.10.22,22:54,Coffee,,,CHF 9.31,
15.10.22,05:58,Coffee,,,CHF 4.84,
14.10.22,11:32,Coffee,,,CHF 12.12,
13.10.22,22:16,Coffee,,,CHF 9.43,
13.10.22,22:08,Coffee,,,CHF 8.42,
12.10.22,17:25,Coffee,,,CHF 5.47,
12.10.22,17:58,Coffee,,,CHF 9.3,
11.10.22,22:10,Coffee,,,CHF 4.13,
11.10.22,05:10,Coffee,,,CHF 3.12,
11.10.22,05:31,Coffee,,,CHF 8.71,
11.10.22,05:26,Coffee,,,CHF 10.5,
08.10.22,17:19,Coffee,,,CHF 4.88,
08.10.22,22:43,Coffee,,,CHF 11.31,
08.10.22,11:42,Coffee,,,CHF 8.13,
07.10.22,05:58,Coffee,,,CHF 11.49,
07.10.22,22:47,Coffee,,,CHF 3.74,
07.10.22,05:55,Coffee,,,CHF 9.98,
06.10.22,22:53,Coffee,,,CHF 9.25,
06.10.22,17:18,Coffee,,,CHF 8.58,
06.10.22,10:58,Dividends,,,,CHF 899.59
05.10.22,12:00,Rent,,,CHF 3300,
05.10.22,12:00,Utilities,,,CHF 374.35,
05.10.22,12:00,Salary,,,,CHF 4000
03.10.22,22:05,Food,,,CHF 408.5,
03.10.22,05:16,Coffee,,,CHF 10.2,
03.10.22,05:38,Coffee,,,CHF 4.57,
02.10.22,11:45,Coffee,,,CHF 6.69,
02.10.22,17:52,Coffee,,,CHF 10.25,
01.10.22,22:00,Coffee,,,CHF 10.38,
30.09.22,22:17,Coffee,,,CHF 9.77,
30.09.22,17:48,Coffee,,,CHF 7.49,
29.09.22,22:22,Coffee,,,CHF 6.01,
29.09.22,05:58,Coffee,,,CHF 4.89,
29.09.22,22:57,Coffee,,,CHF 8.5,
28.09.22,22:05,Public Transport,,,CHF 4.68,
28.09.22,22:49,Coffee,,,CHF 11.46,
26.09.22,11:03,Coffee,,,CHF 7.18,
26.09.22,11:27,Coffee,,,CHF 7.93,
26.09.22,17:43,Coffee,,,CHF 5.72,
25.09.22,22:16,Coffee,,,CHF 6.95,
25.09.22,22:41,Coffee,,,CHF 7.69,
24.09.22,05:44,Coffee,,,CHF 6.98,
23.09.22,22:57,Coffee,,,CHF 6.13,
23.09.22,22:16,Coffee,,,CHF 6.11,
22.09.22,22:05,Food,,,CHF 304.85,
22.09.22,11:55,Coffee,,,CHF 5.14,
22.09.22,11:22,Coffee,,,CHF 2.82,
22.09.22,22:00,Coffee,,,CHF 6.15,
22.09.22,11:59,Coffee,,,CHF 8.45,
21.09.22,17:04,Coffee,,,CHF 6.13,
20.09.22,05:27,Coffee,,,CHF 7.73,
17.09.22,22:15,Food,,,CHF 156.72,
17.09.22,22:28,Coffee,,,CHF 4.92,
17.09.22,17:23,Coffee,,,CHF 8.32,
16.09.22,05:44,Coffee,,,CHF 5.21,
16.09.22,05:51,Coffee,,,CHF 8.53,
15.09.22,16:34,Coffee,,,CHF 4.97,
14.09.22,22:44,Coffee,,,CHF 5.84,
14.09.22,22:27,Coffee,,,CHF 8.78,
14.09.22,22:50,Coffee,,,CHF 5.67,
14.09.22,22:08,Dividends,,,,CHF 869.89
13.09.22,11:00,Coffee,,,CHF 5.44,
13.09.22,16:23,Coffee,,,CHF 9.33,
13.09.22,16:05,Coffee,,,CHF 3.68,
13.09.22,11:52,Coffee,,,CHF 3.24,
13.09.22,22:11,Coffee,,,CHF 7.37,
12.09.22,22:20,Coffee,,,CHF 4.87,
12.09.22,05:51,Coffee,,,CHF 5.04,
12.09.22,22:38,Coffee,,,CHF 5.91,
12.09.22,22:40,Coffee,,,CHF 7.48,
12.09.22,05:43,Coffee,,,CHF 12.42,
11.09.22,22:27,Coffee,,,CHF 8.32,
11.09.22,16:35,Coffee,,,CHF 4.4,
11.09.22,22:17,Coffee,,,CHF 6.45,
10.09.22,22:08,Coffee,,,CHF 9.77,
10.09.22,22:53,Dividends,,,,CHF 745.43
09.09.22,16:04,Coffee,,,CHF 5.94,
09.09.22,16:17,Coffee,,,CHF 8.36,
09.09.22,16:27,Coffee,,,CHF 9.1,
09.09.22,22:31,Coffee,,,CHF 9.49,
09.09.22,22:34,Coffee,,,CHF 7.08,
08.09.22,22:48,Coffee,,,CHF 9.07,
07.09.22,22:46,Coffee,,,CHF 6.36,
07.09.22,11:51,Coffee,,,CHF 7.38,
07.09.22,16:57,Coffee,,,CHF 7.32,
06.09.22,22:29,Food,,,CHF 2.04,
06.09.22,22:33,Coffee,,,CHF 8.96,
05.09.22,12:00,Rent,,,CHF 3300,
05.09.22,12:00,Utilities,,,CHF 433.62,
05.09.22,16:56,Coffee,,,CHF 8.82,
05.09.22,22:39,Coffee,,,CHF 6.58,
05.09.22,16:29,Coffee,,,CHF 8.93,
05.09.22,22:49,Coffee,,,CHF 4.15,
05.09.22,12:00,Salary,,,,CHF 4000
04.09.22,05:26,Coffee,,,CHF 6.18,
04.09.22,22:45,Coffee,,,CHF 2.74,
04.09.22,11:46,Coffee,,,CHF 6.68,
04.09.22,22:13,Coffee,,,CHF 7.3,
02.09.22,22:59,Food,,,CHF 107.53,
01.09.22,22:22,Coffee,,,CHF 5.35,
01.09.22,22:29,Coffee,,,CHF 3.32,
01.09.22,16:40,Coffee,,,CHF 7.84,
01.09.22,22:42,Coffee,,,CHF 8.23,
01.09.22,11:56,Coffee,,,CHF 7.93,
31.08.22,05:45,Coffee,,,CHF 9.74,
31.08.22,22:28,Coffee,,,CHF 11.17,
31.08.22,05:46,Coffee,,,CHF 7.38,
31.08.22,22:59,Coffee,,,CHF 6.28,
30.08.22,22:41,Coffee,,,CHF 4.87,
30.08.22,22:31,Coffee,,,CHF 9.04,
30.08.22,16:08,Coffee,,,CHF 5.74,
29.08.22,22:25,Public Transport,,,CHF 14.08,
29.08.22,11:45,Coffee,,,CHF 4.93,
29.08.22,11:55,Coffee,,,CHF 7.57,
29.08.22,22:10,Coffee,,,CHF 10.6,
29.08.22,11:11,Coffee,,,CHF 3.33,
28.08.22,22:12,Food,,,CHF 350.05,
28.08.22,22:27,Coffee,,,CHF 4.4,
28.08.22,22:40,Coffee,,,CHF 9.01,
27.08.22,16:52,Coffee,,,CHF 5.26,
27.08.22,05:06,Coffee,,,CHF 6.24,
27.08.22,05:37,Coffee,,,CHF 6.77,
27.08.22,22:21,Coffee,,,CHF 7.52,
27.08.22,05:22,Coffee,,,CHF 7.87,
26.08.22,11:00,Coffee,,,CHF 7.47,
25.08.22,22:06,Coffee,,,CHF 9.48,
25.08.22,22:56,Coffee,,,CHF 7.49,
23.08.22,11:21,Coffee,,,CHF 6.31,
23.08.22,22:07,Coffee,,,CHF 7.14,
23.08.22,22:03,Coffee,,,CHF 6.76,
23.08.22,11:52,Coffee,,,CHF 5.77,
23.08.22,22:12,Coffee,,,CHF 6.14,
23.08.22,22:13,Coffee,,,CHF 6.25,
22.08.22,22:49,Coffee,,,CHF 6.68,
21.08.22,22:51,Coffee,,,CHF 5.97,
21.08.22,22:44,Coffee,,,CHF 2.8,
21.08.22,16:25,Coffee,,,CHF 7.41,
21.08.22,16:21,Coffee,,,CHF 5.05,
21.08.22,22:59,Coffee,,,CHF 6.14,
20.08.22,22:12,Food,,,CHF 132.06,
20.08.22,11:31,Coffee,,,CHF 2.71,
20.08.22,22:31,Coffee,,,CHF 7.95,
20.08.22,11:41,Coffee,,,CHF 4.46,
19.08.22,22:24,Food,,,CHF 445.42,
16.08.22,22:52,Food,,,CHF 185.99,
16.08.22,22:00,Coffee,,,CHF 9.53,
15.08.22,05:02,Coffee,,,CHF 5.98,
15.08.22,16:04,Coffee,,,CHF 8.18,
15.08.22,05:21,Coffee,,,CHF 4.18,
15.08.22,05:46,Coffee,,,CHF 9.06,
14.08.22,11:47,Coffee,,,CHF 6.79,
11.08.22,11:51,Coffee,,,CHF 4.1,
11.08.22,22:44,Coffee,,,CHF 9.7,
10.08.22,05:22,Coffee,,,CHF 8.07,
09.08.22,22:57,Coffee,,,CHF 7.55,
09.08.22,16:18,Coffee,,,CHF 5.52,
09.08.22,22:39,Coffee,,,CHF 7.31,
08.08.22,11:23,Coffee,,,CHF 7.75,
08.08.22,11:51,Coffee,,,CHF 6.04,
06.08.22,12:00,Rent,,,CHF 3300,
06.08.22,12:00,Utilities,,,CHF 233.67,
06.08.22,12:00,Salary,,,,CHF 4000
05.08.22,16:29,Coffee,,,CHF 8.62,
05.08.22,11:49,Coffee,,,CHF 5.01,
03.08.22,22:40,Coffee,,,CHF 7.05,
03.08.22,22:15,Coffee,,,CHF 3.1,
02.08.22,11:35,Coffee,,,CHF 4.53,
02.08.22,22:47,Coffee,,,CHF 4.64,
02.08.22,22:51,Coffee,,,CHF 8.08,
01.08.22,21:28,Food,,,CHF 169.23,
01.08.22,21:50,Clothing,,,CHF 31.03,
01.08.22,22:46,Coffee,,,CHF 8.45,
31.07.22,21:08,Coffee,,,CHF 8.73,
31.07.22,21:47,Coffee,,,CHF 7.11,
31.07.22,21:53,Coffee,,,CHF 5.27,
31.07.22,16:59,Coffee,,,CHF 8.37,
31.07.22,16:34,Coffee,,,CHF 8.7,
30.07.22,21:21,Coffee,,,CHF 9.82,
30.07.22,11:53,Coffee,,,CHF 4.69,
29.07.22,16:11,Coffee,,,CHF 3.12,
29.07.22,21:06,Coffee,,,CHF 9.15,
29.07.22,16:27,Coffee,,,CHF 7.08,
29.07.22,21:42,Coffee,,,CHF 7.5,
29.07.22,12:00,Technology,New Laptop,,2199,
28.07.22,21:16,Coffee,,,CHF 5.53,
28.07.22,21:17,Coffee,,,CHF 6.42,
28.07.22,09:31,Dividends,,,,CHF 733.11
27.07.22,16:53,Coffee,,,CHF 4.82,
26.07.22,21:21,Coffee,,,CHF 7.88,
26.07.22,21:09,Coffee,,,CHF 12.74,
25.07.22,16:28,Coffee,,,CHF 6.02,
25.07.22,16:23,Coffee,,,CHF 10.81,
25.07.22,09:02,Dividends,,,,CHF 828.44
22.07.22,21:15,Coffee,,,CHF 6.35,
21.07.22,21:54,Coffee,,,CHF 7.61,
19.07.22,16:15,Coffee,,,CHF 7.4,
19.07.22,21:35,Coffee,,,CHF 7.86,
18.07.22,21:24,Food,,,CHF 337.32,
18.07.22,21:16,Coffee,,,CHF 8.41,
18.07.22,21:31,Coffee,,,CHF 7.16,
17.07.22,05:17,Coffee,,,CHF 6.09,
17.07.22,21:02,Coffee,,,CHF 6.74,
17.07.22,16:15,Coffee,,,CHF 7.26,
17.07.22,11:00,Coffee,,,CHF 5.08,
17.07.22,05:28,Coffee,,,CHF 6.69,
16.07.22,21:24,Coffee,,,CHF 8.7,
16.07.22,21:20,Coffee,,,CHF 8.23,
15.07.22,21:27,Public Transport,,,CHF 10.61,
15.07.22,21:07,Coffee,,,CHF 9.12,
15.07.22,16:50,Coffee,,,CHF 10.85,
14.07.22,21:32,Coffee,,,CHF 5.62,
14.07.22,21:25,Coffee,,,CHF 6.75,
14.07.22,11:06,Coffee,,,CHF 8.4,
13.07.22,21:42,Coffee,,,CHF 11.11,
13.07.22,16:25,Coffee,,,CHF 8.99,
13.07.22,21:35,Coffee,,,CHF 9.72,
13.07.22,16:17,Coffee,,,CHF 6.23,
12.07.22,21:22,Coffee,,,CHF 4.62,
11.07.22,11:18,Coffee,,,CHF 5.47,
10.07.22,21:34,Coffee,,,CHF 8.64,
09.07.22,21:33,Food,,,CHF 72.54,
09.07.22,21:59,Coffee,,,CHF 5.82,
09.07.22,21:44,Coffee,,,CHF 10.6,
09.07.22,05:48,Coffee,,,CHF 5.12,
09.07.22,21:45,Coffee,,,CHF 6.62,
09.07.22,21:06,Coffee,,,CHF 7.84,
09.07.22,21:12,Coffee,,,CHF 6.57,
08.07.22,11:11,Coffee,,,CHF 4.88,
08.07.22,21:05,Coffee,,,CHF 5.6,
08.07.22,16:08,Coffee,,,CHF 9.77,
07.07.22,12:00,Rent,,,CHF 3300,
07.07.22,12:00,Utilities,,,CHF 393.49,
07.07.22,12:00,Salary,,,,CHF 4000
05.07.22,05:27,Coffee,,,CHF 9.78,
05.07.22,11:11,Coffee,,,CHF 10.2,
05.07.22,05:10,Coffee,,,CHF 7.91,
05.07.22,05:13,Coffee,,,CHF 9.55,
05.07.22,05:36,Coffee,,,CHF 4.09,
04.07.22,16:12,Coffee,,,CHF 6.3,
04.07.22,16:16,Coffee,,,CHF 7.05,
03.07.22,21:25,Coffee,,,CHF 7.31,
30.06.22,21:29,Food,,,CHF 4.3,
30.06.22,16:42,Coffee,,,CHF 5.64,
30.06.22,16:50,Coffee,,,CHF 8.48,
30.06.22,16:19,Coffee,,,CHF 10.58,
30.06.22,16:35,Coffee,,,CHF 9.9,
29.06.22,21:27,Coffee,,,CHF 6.98,
29.06.22,21:57,Coffee,,,CHF 8.54,
29.06.22,11:04,Coffee,,,CHF 10.77,
29.06.22,11:11,Coffee,,,CHF 6.85,
28.06.22,21:58,Public Transport,,,CHF 18.44,
28.06.22,21:41,Coffee,,,CHF 6.97,
27.06.22,21:19,Food,,,CHF 47.59,
27.06.22,05:45,Coffee,,,CHF 5.23,
27.06.22,21:16,Coffee,,,CHF 4.35,
27.06.22,05:36,Coffee,,,CHF 10.92,
27.06.22,05:28,Coffee,,,CHF 5.27,
27.06.22,21:15,Coffee,,,CHF 7.67,
24.06.22,21:23,Food,,,CHF 63.18,
24.06.22,16:36,Coffee,,,CHF 6.61,
24.06.22,21:11,Coffee,,,CHF 6.25,
24.06.22,16:09,Coffee,,,CHF 6.58,
24.06.22,21:24,Coffee,,,CHF 10.8,
24.06.22,21:38,Coffee,,,CHF 9.55,
24.06.22,21:16,Coffee,,,CHF 7.27,
23.06.22,10:15,Coffee,,,CHF 7.29,
23.06.22,10:37,Coffee,,,CHF 3.75,
22.06.22,05:36,Coffee,,,CHF 6.74,
22.06.22,05:57,Coffee,,,CHF 5.5,
22.06.22,16:12,Coffee,,,CHF 5.49,
22.06.22,05:48,Coffee,,,CHF 7.26,
20.06.22,16:12,Coffee,,,CHF 7.64,
20.06.22,10:29,Coffee,,,CHF 7.4,
20.06.22,16:33,Coffee,,,CHF 7.14,
19.06.22,21:19,Coffee,,,CHF 6.6,
18.06.22,16:14,Coffee,,,CHF 2.72,
17.06.22,10:08,Coffee,,,CHF 7.81,
17.06.22,21:37,Coffee,,,CHF 5.42,
16.06.22,21:55,Coffee,,,CHF 5.77,
15.06.22,16:35,Coffee,,,CHF 11.07,
15.06.22,16:25,Coffee,,,CHF 4.17,
15.06.22,21:00,Coffee,,,CHF 7.04,
14.06.22,05:15,Coffee,,,CHF 4.43,
14.06.22,10:26,Coffee,,,CHF 5.52,
14.06.22,05:48,Coffee,,,CHF 6.74,
13.06.22,21:46,Coffee,,,CHF 8.35,
13.06.22,16:30,Coffee,,,CHF 7.01,
13.06.22,21:09,Coffee,,,CHF 7.2,
13.06.22,16:39,Coffee,,,CHF 6.89,
12.06.22,21:53,Food,,,CHF 73.27,
12.06.22,21:52,Food,,,CHF 45.91,
12.06.22,21:43,Coffee,,,CHF 3.88,
11.06.22,10:16,Coffee,,,CHF 6.36,
11.06.22,21:36,Coffee,,,CHF 5.83,
10.06.22,21:46,Coffee,,,CHF 4.95,
10.06.22,05:34,Coffee,,,CHF 6.66,
09.06.22,21:01,Coffee,,,CHF 3.2,
08.06.22,10:29,Coffee,,,CHF 7.59,
08.06.22,21:21,Coffee,,,CHF 4.96,
07.06.22,12:00,Rent,,,CHF 3300,
07.06.22,12:00,Utilities,,,CHF 530.26,
07.06.22,21:10,Coffee,,,CHF 9.77,
07.06.22,21:28,Coffee,,,CHF 6.33,
07.06.22,12:00,Salary,,,,CHF 4000
06.06.22,05:14,Coffee,,,CHF 2.24,
06.06.22,21:07,Coffee,,,CHF 6.47,
05.06.22,10:29,Coffee,,,CHF 6.52,
05.06.22,10:28,Coffee,,,CHF 8.36,
05.06.22,10:56,Coffee,,,CHF 8.24,
04.06.22,21:52,Food,,,CHF 128.57,
04.06.22,21:17,Coffee,,,CHF 9.69,
04.06.22,21:41,Coffee,,,CHF 5.13,
04.06.22,21:19,Coffee,,,CHF 6.2,
03.06.22,21:35,Food,,,CHF 260.66,
03.06.22,16:31,Coffee,,,CHF 5.52,
03.06.22,21:31,Coffee,,,CHF 7.81,
03.06.22,16:18,Coffee,,,CHF 9.6,
03.06.22,16:52,Coffee,,,CHF 7.4,
02.06.22,21:13,Food,,,CHF 6.72,
02.06.22,21:56,Coffee,,,CHF 10.88,
02.06.22,21:14,Coffee,,,CHF 7.97,
01.06.22,16:20,Coffee,,,CHF 7.55,
01.06.22,21:17,Coffee,,,CHF 9.63,
01.06.22,16:28,Coffee,,,CHF 8.39,
30.05.22,21:55,Coffee,,,CHF 6.5,
30.05.22,21:45,Coffee,,,CHF 3.5,
29.05.22,21:15,Food,,,CHF 152.76,
29.05.22,05:34,Coffee,,,CHF 8.12,
28.05.22,21:34,Food,,,CHF 271.22,
28.05.22,21:12,Coffee,,,CHF 6.38,
27.05.22,21:08,Food,,,CHF 85.06,
27.05.22,10:43,Coffee,,,CHF 10.67,
26.05.22,21:03,Coffee,,,CHF 3.17,
25.05.22,21:27,Coffee,,,CHF 11.86,
25.05.22,05:21,Coffee,,,CHF 6.72,
25.05.22,05:02,Coffee,,,CHF 6.34,
25.05.22,05:12,Coffee,,,CHF 3.36,
25.05.22,05:53,Coffee,,,CHF 5.24,
24.05.22,10:58,Coffee,,,CHF 6.53,
24.05.22,21:39,Coffee,,,CHF 8.53,
21.05.22,16:12,Coffee,,,CHF 8.83,
21.05.22,10:59,Coffee,,,CHF 8.97,
21.05.22,05:54,Coffee,,,CHF 7.3,
21.05.22,21:13,Coffee,,,CHF 6.01,
19.05.22,21:18,Food,,,CHF 89.41,
19.05.22,21:11,Coffee,,,CHF 8.59,
18.05.22,21:39,Coffee,,,CHF 5.88,
18.05.22,21:39,Coffee,,,CHF 6.72,
18.05.22,21:18,Coffee,,,CHF 5.41,
18.05.22,10:38,Coffee,,,CHF 9.71,
17.05.22,16:21,Coffee,,,CHF 6.11,
15.05.22,20:37,Food,,,CHF 219.82,
15.05.22,16:24,Coffee,,,CHF 6.13,
15.05.22,16:11,Coffee,,,CHF 3.85,
14.05.22,20:46,Coffee,,,CHF 4.82,
14.05.22,10:13,Coffee,,,CHF 5.77,
14.05.22,20:14,Coffee,,,CHF 8.73,
14.05.22,12:00,Gifts,,,,CHF 181.52
13.05.22,20:26,Food,,,CHF 189.86,
13.05.22,16:18,Coffee,,,CHF 6.87,
11.05.22,16:10,Coffee,,,CHF 6.58,
11.05.22,10:15,Coffee,,,CHF 4.72,
11.05.22,10:43,Coffee,,,CHF 6.27,
11.05.22,20:02,Coffee,,,CHF 9.08,
11.05.22,16:17,Coffee,,,CHF 5.67,
11.05.22,10:10,Coffee,,,CHF 9.47,
09.05.22,20:07,Public Transport,,,CHF 36.09,
09.05.22,16:03,Coffee,,,CHF 9.81,
09.05.22,20:49,Coffee,,,CHF 5.69,
09.05.22,16:29,Coffee,,,CHF 8.56,
08.05.22,12:00,Rent,,,CHF 3300,
08.05.22,12:00,Utilities,,,CHF 436.77,
08.05.22,10:45,Coffee,,,CHF 6.1,
08.05.22,20:05,Coffee,,,CHF 4.24,
08.05.22,10:36,Coffee,,,CHF 7.91,
08.05.22,05:15,Coffee,,,CHF 9.42,
08.05.22,20:00,Coffee,,,CHF 3.98,
08.05.22,12:00,Salary,,,,CHF 4000
07.05.22,20:02,Coffee,,,CHF 8.32,
07.05.22,16:28,Coffee,,,CHF 5.98,
05.05.22,16:20,Coffee,,,CHF 8.93,
05.05.22,20:27,Coffee,,,CHF 6.5,
05.05.22,10:44,Coffee,,,CHF 7.61,
05.05.22,10:31,Coffee,,,CHF 10.72,
05.05.22,10:14,Coffee,,,CHF 9.86,
04.05.22,05:03,Coffee,,,CHF 3.33,
04.05.22,05:40,Coffee,,,CHF 5.2,
04.05.22,05:32,Coffee,,,CHF 10.8,
03.05.22,20:20,Food,,,CHF 321.93,
03.05.22,16:55,Coffee,,,CHF 5.74,
03.05.22,20:00,Coffee,,,CHF 10.82,
01.05.22,16:23,Coffee,,,CHF 3.31,
01.05.22,16:07,Coffee,,,CHF 9.44,
30.04.22,20:28,Coffee,,,CHF 5.35,
29.04.22,20:53,Food,,,CHF 9.03,
29.04.22,20:17,Coffee,,,CHF 5.4,
29.04.22,16:46,Coffee,,,CHF 6.58,
29.04.22,10:06,Coffee,,,CHF 8.3,
29.04.22,10:44,Coffee,,,CHF 7.41,
29.04.22,16:14,Coffee,,,CHF 6.45,
28.04.22,20:35,Coffee,,,CHF 6.65,
27.04.22,20:20,Public Transport,,,CHF 41.43,
26.04.22,20:32,Coffee,,,CHF 9.88,
26.04.22,05:17,Coffee,,,CHF 5.71,
26.04.22,16:10,Coffee,,,CHF 5.71,
26.04.22,20:55,Coffee,,,CHF 4.71,
26.04.22,20:34,Coffee,,,CHF 11.78,
26.04.22,10:05,Coffee,,,CHF 6.43,
26.04.22,04:32,Dividends,,,,CHF 908.52
25.04.22,20:32,Coffee,,,CHF 8.17,
24.04.22,20:48,Food,,,CHF 10.7,
24.04.22,20:58,Coffee,,,CHF 8.3,
24.04.22,16:24,Coffee,,,CHF 2.41,
23.04.22,10:43,Coffee,,,CHF 4.79,
22.04.22,16:23,Coffee,,,CHF 11.18,
22.04.22,05:43,Coffee,,,CHF 3.62,
22.04.22,20:14,Coffee,,,CHF 3.2,
22.04.22,16:01,Coffee,,,CHF 7.04,
22.04.22,16:28,Coffee,,,CHF 8.88,
22.04.22,20:38,Coffee,,,CHF 6.8,
21.04.22,20:02,Coffee,,,CHF 8.87,
20.04.22,10:54,Coffee,,,CHF 7.59,
20.04.22,16:57,Coffee,,,CHF 5.26,
20.04.22,20:19,Coffee,,,CHF 9.45,
19.04.22,20:52,Coffee,,,CHF 4.73,
18.04.22,05:31,Coffee,,,CHF 4.77,
18.04.22,20:01,Coffee,,,CHF 7.73,
17.04.22,20:40,Coffee,,,CHF 6.33,
17.04.22,10:53,Coffee,,,CHF 7.35,
16.04.22,20:37,Coffee,,,CHF 8.18,
15.04.22,20:05,Public Transport,,,CHF 68.85,
15.04.22,20:07,Coffee,,,CHF 9.22,
15.04.22,20:29,Coffee,,,CHF 8.25,
14.04.22,16:47,Coffee,,,CHF 7.92,
14.04.22,20:54,Coffee,,,CHF 7.18,
13.04.22,20:12,Coffee,,,CHF 5.81,
10.04.22,05:56,Coffee,,,CHF 6.76,
10.04.22,15:10,Coffee,,,CHF 7.06,
09.04.22,20:24,Coffee,,,CHF 4.77,
08.04.22,12:00,Rent,,,CHF 3300,
08.04.22,12:00,Utilities,,,CHF 291.09,
08.04.22,20:27,Coffee,,,CHF 8.02,
08.04.22,12:00,Salary,,,,CHF 4000
06.04.22,20:03,Coffee,,,CHF 6.21,
06.04.22,15:32,Coffee,,,CHF 3.17,
06.04.22,15:37,Coffee,,,CHF 8.28,
06.04.22,15:51,Coffee,,,CHF 6.9,
06.04.22,04:02,Dividends,,,,CHF 816.57
05.04.22,10:26,Coffee,,,CHF 10.63,
05.04.22,20:50,Coffee,,,CHF 9.56,
05.04.22,10:44,Coffee,,,CHF 4.71,
05.04.22,20:49,Coffee,,,CHF 11.62,
05.04.22,10:21,Coffee,,,CHF 3.85,
05.04.22,20:59,Coffee,,,CHF 5.45,
05.04.22,20:04,Coffee,,,CHF 8.58,
04.04.22,20:34,Food,,,CHF 334.54,
04.04.22,20:31,Coffee,,,CHF 8.71,
04.04.22,15:09,Coffee,,,CHF 4.78,
04.04.22,20:47,Coffee,,,CHF 8.42,
03.04.22,20:04,Coffee,,,CHF 6.28,
03.04.22,20:14,Coffee,,,CHF 4.11,
02.04.22,20:11,Coffee,,,CHF 9.07,
02.04.22,04:08,Coffee,,,CHF 9.91,
02.04.22,20:53,Coffee,,,CHF 4.71,
02.04.22,04:51,Coffee,,,CHF 7.44,
02.04.22,20:39,Coffee,,,CHF 6.57,
02.04.22,04:49,Coffee,,,CHF 6.3,
02.04.22,10:31,Coffee,,,CHF 4.72,
01.04.22,20:09,Food,,,CHF 117.67,
01.04.22,20:27,Coffee,,,CHF 5.56,
01.04.22,20:05,Coffee,,,CHF 5.34,
31.03.22,20:52,Clothing,,,CHF 42.16,
31.03.22,20:32,Coffee,,,CHF 10.29,
31.03.22,20:52,Coffee,,,CHF 8.79,
31.03.22,20:03,Coffee,,,CHF 3.3,
30.03.22,15:10,Coffee,,,CHF 6.72,
30.03.22,10:20,Coffee,,,CHF 9.56,
29.03.22,20:39,Food,,,CHF 154.89,
29.03.22,04:55,Coffee,,,CHF 6.15,
28.03.22,20:50,Food,,,CHF 182.57,
28.03.22,20:52,Coffee,,,CHF 2.83,
28.03.22,15:55,Coffee,,,CHF 7.15,
28.03.22,15:22,Coffee,,,CHF 4.02,
28.03.22,20:24,Coffee,,,CHF 2.78,
28.03.22,15:21,Coffee,,,CHF 7.97,
27.03.22,20:14,Coffee,,,CHF 5.1,
27.03.22,20:31,Coffee,,,CHF 4.98,
27.03.22,20:54,Coffee,,,CHF 4.62,
27.03.22,10:17,Coffee,,,CHF 8.79,
26.03.22,15:42,Coffee,,,CHF 3.88,
25.03.22,20:41,Coffee,,,CHF 8.29,
25.03.22,20:12,Coffee,,,CHF 5.1,
24.03.22,15:45,Coffee,,,CHF 4.65,
24.03.22,10:19,Coffee,,,CHF 6.82,
24.03.22,04:52,Coffee,,,CHF 6.96,
23.03.22,04:56,Dividends,,,,CHF 694.58
22.03.22,15:58,Coffee,,,CHF 11.67,
22.03.22,15:23,Coffee,,,CHF 7.69,
22.03.22,20:33,Coffee,,,CHF 8.0,
21.03.22,20:07,Coffee,,,CHF 6.97,
21.03.22,10:52,Coffee,,,CHF 11.04,
21.03.22,10:40,Coffee,,,CHF 5.64,
21.03.22,20:44,Coffee,,,CHF 7.89,
19.03.22,20:37,Food,,,CHF 195.67,
18.03.22,10:56,Coffee,,,CHF 8.93,
18.03.22,10:30,Coffee,,,CHF 5.53,
18.03.22,15:02,Coffee,,,CHF 6.47,
17.03.22,20:58,Food,,,CHF 166.48,
17.03.22,20:58,Coffee,,,CHF 7.84,
17.03.22,20:13,Coffee,,,CHF 5.12,
16.03.22,04:33,Coffee,,,CHF 10.18,
16.03.22,20:12,Coffee,,,CHF 6.81,
16.03.22,04:47,Coffee,,,CHF 11.96,
16.03.22,15:39,Coffee,,,CHF 9.45,
16.03.22,04:39,Coffee,,,CHF 5.44,
16.03.22,20:49,Coffee,,,CHF 3.18,
15.03.22,20:12,Food,,,CHF 352.84,
15.03.22,10:28,Coffee,,,CHF 6.95,
15.03.22,20:09,Coffee,,,CHF 8.13,
15.03.22,10:08,Coffee,,,CHF 8.7,
14.03.22,15:57,Coffee,,,CHF 9.49,
14.03.22,20:05,Coffee,,,CHF 7.83,
14.03.22,20:01,Coffee,,,CHF 9.69,
14.03.22,15:34,Coffee,,,CHF 6.38,
12.03.22,20:14,Food,,,CHF 15.2,
12.03.22,20:02,Public Transport,,,CHF 13.01,
12.03.22,15:43,Coffee,,,CHF 5.45,
12.03.22,10:18,Coffee,,,CHF 5.91,
12.03.22,15:23,Coffee,,,CHF 9.96,
12.03.22,20:40,Coffee,,,CHF 3.86,
11.03.22,20:28,Coffee,,,CHF 8.23,
11.03.22,20:06,Coffee,,,CHF 8.61,
11.03.22,20:07,Coffee,,,CHF 7.44,
10.03.22,15:44,Coffee,,,CHF 8.45,
10.03.22,20:46,Coffee,,,CHF 8.49,
10.03.22,15:35,Coffee,,,CHF 5.45,
09.03.22,12:00,Rent,,,CHF 3300,
09.03.22,12:00,Utilities,,,CHF 392.39,
09.03.22,20:09,Coffee,,,CHF 8.89,
09.03.22,20:08,Coffee,,,CHF 8.87,
09.03.22,20:33,Coffee,,,CHF 7.48,
09.03.22,20:54,Coffee,,,CHF 5.3,
09.03.22,12:00,Salary,,,,CHF 4000
08.03.22,20:06,Coffee,,,CHF 8.25,
08.03.22,10:25,Coffee,,,CHF 5.69,
08.03.22,04:16,Coffee,,,CHF 6.29,
08.03.22,20:08,Coffee,,,CHF 7.57,
07.03.22,20:39,Coffee,,,CHF 7.23,
07.03.22,20:41,Coffee,,,CHF 7.94,
05.03.22,15:10,Coffee,,,CHF 8.94,
05.03.22,10:11,Coffee,,,CHF 7.82,
05.03.22,20:21,Coffee,,,CHF 6.98,
04.03.22,20:34,Food,,,CHF 33.06,
03.03.22,20:11,Food,,,CHF 72.61,
03.03.22,15:52,Coffee,,,CHF 8.98,
02.03.22,10:32,Coffee,,,CHF 7.9,
02.03.22,19:43,Coffee,,,CHF 6.61,
01.03.22,19:53,Food,,,CHF 116.45,
01.03.22,15:23,Coffee,,,CHF 5.52,
28.02.22,04:25,Coffee,,,CHF 8.5,
28.02.22,04:15,Coffee,,,CHF 5.84,
28.02.22,04:20,Coffee,,,CHF 6.23,
27.02.22,10:36,Coffee,,,CHF 5.63,
27.02.22,15:22,Coffee,,,CHF 2.43,
26.02.22,19:47,Coffee,,,CHF 5.06,
25.02.22,15:46,Coffee,,,CHF 4.84,
25.02.22,19:55,Coffee,,,CHF 8.6,
24.02.22,19:32,Coffee,,,CHF 6.57,
24.02.22,04:36,Coffee,,,CHF 8.13,
24.02.22,10:51,Coffee,,,CHF 6.65,
24.02.22,10:18,Coffee,,,CHF 5.84,
23.02.22,15:54,Coffee,,,CHF 5.62,
23.02.22,15:47,Coffee,,,CHF 10.37,
23.02.22,15:08,Coffee,,,CHF 4.62,
23.02.22,15:44,Coffee,,,CHF 6.85,
23.02.22,19:43,Dividends,,,,CHF 927.54
22.02.22,19:14,Coffee,,,CHF 8.84,
20.02.22,19:57,Public Transport,,,CHF 20.95,
20.02.22,04:49,Coffee,,,CHF 10.19,
20.02.22,19:54,Coffee,,,CHF 6.08,
19.02.22,19:06,Coffee,,,CHF 9.58,
17.02.22,19:13,Food,,,CHF 278.75,
17.02.22,19:06,Coffee,,,CHF 7.73,
17.02.22,15:36,Coffee,,,CHF 7.4,
17.02.22,15:07,Coffee,,,CHF 7.23,
16.02.22,19:21,Coffee,,,CHF 9.01,
16.02.22,19:46,Coffee,,,CHF 8.23,
16.02.22,04:00,Coffee,,,CHF 6.82,
16.02.22,19:31,Coffee,,,CHF 8.84,
16.02.22,19:28,Coffee,,,CHF 7.85,
16.02.22,19:35,Coffee,,,CHF 9.01,
16.02.22,04:20,Coffee,,,CHF 5.89,
15.02.22,19:36,Coffee,,,CHF 5.25,
14.02.22,19:18,Coffee,,,CHF 5.56,
13.02.22,19:37,Food,,,CHF 426.5,
13.02.22,15:00,Coffee,,,CHF 4.48,
13.02.22,15:49,Coffee,,,CHF 3.95,
13.02.22,19:16,Coffee,,,CHF 8.75,
12.02.22,10:13,Coffee,,,CHF 4.03,
12.02.22,04:50,Coffee,,,CHF 7.91,
11.02.22,19:41,Food,,,CHF 202.14,
11.02.22,19:15,Public Transport,,,CHF 10.76,
11.02.22,19:17,Coffee,,,CHF 6.2,
10.02.22,15:20,Coffee,,,CHF 5.14,
10.02.22,15:18,Coffee,,,CHF 3.31,
10.02.22,19:09,Coffee,,,CHF 5.41,
10.02.22,19:39,Coffee,,,CHF 6.15,
10.02.22,15:22,Coffee,,,CHF 8.35,
09.02.22,10:05,Coffee,,,CHF 7.33,
09.02.22,10:16,Coffee,,,CHF 7.36,
09.02.22,10:24,Coffee,,,CHF 9.45,
08.02.22,15:09,Coffee,,,CHF 5.16,
08.02.22,15:01,Coffee,,,CHF 5.09,
08.02.22,04:04,Coffee,,,CHF 8.02,
07.02.22,12:00,Rent,,,CHF 3300,
07.02.22,12:00,Utilities,,,CHF 519.09,
07.02.22,19:24,Coffee,,,CHF 8.97,
07.02.22,19:37,Coffee,,,CHF 5.84,
07.02.22,12:00,Salary,,,,CHF 4000
06.02.22,19:38,Coffee,,,CHF 9.05,
06.02.22,10:45,Coffee,,,CHF 4.69,
06.02.22,10:13,Coffee,,,CHF 7.92,
06.02.22,10:43,Coffee,,,CHF 8.52,
06.02.22,15:29,Coffee,,,CHF 8.35,
03.02.22,19:33,Coffee,,,CHF 5.55,
02.02.22,19:48,Coffee,,,CHF 8.3,
02.02.22,19:47,Coffee,,,CHF 4.91,
02.02.22,15:07,Coffee,,,CHF 5.43,
02.02.22,19:55,Coffee,,,CHF 7.97,
01.02.22,19:13,Coffee,,,CHF 4.37,
31.01.22,15:43,Coffee,,,CHF 9.43,
30.01.22,19:11,Food,,,CHF 445.04,
30.01.22,04:54,Coffee,,,CHF 4.93,
30.01.22,04:52,Coffee,,,CHF 9.6,
30.01.22,04:17,Coffee,,,CHF 5.91,
30.01.22,04:07,Coffee,,,CHF 7.72,
30.01.22,19:10,Coffee,,,CHF 7.94,
30.01.22,04:54,Coffee,,,CHF 8.91,
30.01.22,04:47,Coffee,,,CHF 6.88,
30.01.22,04:13,Coffee,,,CHF 5.62,
28.01.22,10:13,Coffee,,,CHF 5.22,
27.01.22,15:02,Coffee,,,CHF 8.37,
25.01.22,19:49,Coffee,,,CHF 10.69,
24.01.22,19:06,Coffee,,,CHF 6.28,
24.01.22,19:05,Coffee,,,CHF 4.15,
23.01.22,15:01,Coffee,,,CHF 8.99,
22.01.22,10:09,Coffee,,,CHF 5.74,
22.01.22,19:06,Coffee,,,CHF 8.52,
22.01.22,10:34,Coffee,,,CHF 11.47,
22.01.22,19:18,Coffee,,,CHF 8.86,
22.01.22,19:51,Coffee,,,CHF 6.93,
22.01.22,19:43,Coffee,,,CHF 6.96,
22.01.22,04:01,Coffee,,,CHF 3.93,
22.01.22,14:04,Dividends,,,,CHF 737.41
21.01.22,19:11,Food,,,CHF 285.27,
20.01.22,19:18,Coffee,,,CHF 5.48,
18.01.22,04:34,Coffee,,,CHF 8.81,
18.01.22,04:13,Coffee,,,CHF 9.63,
18.01.22,15:27,Coffee,,,CHF 9.37,
18.01.22,19:20,Coffee,,,CHF 2.15,
18.01.22,04:33,Coffee,,,CHF 7.92,
18.01.22,15:41,Coffee,,,CHF 9.0,
18.01.22,19:47,Coffee,,,CHF 8.77,
17.01.22,19:18,Coffee,,,CHF 4.85,
16.01.22,15:24,Coffee,,,CHF 8.11,
16.01.22,19:57,Coffee,,,CHF 8.29,
14.01.22,19:34,Coffee,,,CHF 8.37,
13.01.22,19:00,Coffee,,,CHF 5.32,
12.01.22,19:12,Coffee,,,CHF 5.81,
12.01.22,15:18,Coffee,,,CHF 6.81,
12.01.22,19:49,Coffee,,,CHF 11.11,
11.01.22,19:56,Coffee,,,CHF 4.35,
11.01.22,19:16,Coffee,,,CHF 6.04,
10.01.22,04:39,Coffee,,,CHF 10.25,
10.01.22,10:52,Coffee,,,CHF 10.18,
10.01.22,15:59,Coffee,,,CHF 7.46,
10.01.22,15:42,Coffee,,,CHF 8.48,
09.01.22,19:52,Coffee,,,CHF 7.47,
08.01.22,12:00,Rent,,,CHF 3300,
08.01.22,12:00,Utilities,,,CHF 450.32,
08.01.22,15:46,Coffee,,,CHF 7.49,
08.01.22,15:34,Coffee,,,CHF 8.83,
08.01.22,12:00,Salary,,,,CHF 4000
07.01.22,19:10,Coffee,,,CHF 6.54,
07.01.22,10:11,Coffee,,,CHF 8.88,
06.01.22,04:59,Coffee,,,CHF 7.1,
05.01.22,19:26,Coffee,,,CHF 8.18,
04.01.22,10:06,Coffee,,,CHF 9.9,
04.01.22,19:51,Coffee,,,CHF 12.22,
04.01.22,15:53,Coffee,,,CHF 6.99,
04.01.22,10:32,Coffee,,,CHF 6.02,
04.01.22,10:16,Coffee,,,CHF 9.27,
02.01.22,19:53,Food,,,CHF 40.41,
02.01.22,19:27,Coffee,,,CHF 8.52,
02.01.22,04:59,Coffee,,,CHF 9.91,
02.01.22,04:32,Coffee,,,CHF 6.73,
02.01.22,19:41,Coffee,,,CHF 3.72,
31.12.21,19:40,Food,,,CHF 37.79,
31.12.21,19:02,Coffee,,,CHF 6.14,
31.12.21,19:51,Coffee,,,CHF 7.77,
30.12.21,19:12,Food,,,CHF 228.75,
30.12.21,19:38,Coffee,,,CHF 10.89,
30.12.21,19:10,Coffee,,,CHF 6.96,
28.12.21,10:46,Coffee,,,CHF 9.98,
28.12.21,10:41,Coffee,,,CHF 4.92,
28.12.21,19:08,Coffee,,,CHF 5.82,
27.12.21,15:49,Coffee,,,CHF 5.23,
27.12.21,19:35,Coffee,,,CHF 5.87,
27.12.21,15:46,Coffee,,,CHF 7.21,
26.12.21,19:04,Food,,,CHF 103.23,
26.12.21,19:50,Coffee,,,CHF 5.6,
26.12.21,19:54,Coffee,,,CHF 7.66,
26.12.21,19:24,Coffee,,,CHF 6.1,
25.12.21,10:25,Coffee,,,CHF 7.84,
25.12.21,04:33,Coffee,,,CHF 9.92,
25.12.21,04:41,Coffee,,,CHF 6.57,
25.12.21,04:53,Coffee,,,CHF 5.64,
25.12.21,19:00,Coffee,,,CHF 6.99,
25.12.21,10:35,Coffee,,,CHF 6.86,
25.12.21,04:50,Coffee,,,CHF 5.64,
25.12.21,04:20,Coffee,,,CHF 6.61,
24.12.21,19:17,Coffee,,,CHF 4.64,
24.12.21,15:17,Coffee,,,CHF 8.43,
23.12.21,19:36,Coffee,,,CHF 4.05,
23.12.21,19:55,Coffee,,,CHF 5.84,
22.12.21,19:56,Food,,,CHF 26.09,
22.12.21,10:04,Coffee,,,CHF 10.5,
22.12.21,19:11,Coffee,,,CHF 7.78,
21.12.21,19:03,Coffee,,,CHF 9.03,
21.12.21,19:55,Coffee,,,CHF 5.3,
21.12.21,19:24,Coffee,,,CHF 8.09,
21.12.21,19:38,Coffee,,,CHF 9.57,
20.12.21,15:37,Coffee,,,CHF 8.07,
20.12.21,19:39,Coffee,,,CHF 6.39,
20.12.21,04:33,Coffee,,,CHF 6.87,
19.12.21,19:51,Coffee,,,CHF 9.97,
18.12.21,15:55,Coffee,,,CHF 6.89,
16.12.21,10:06,Coffee,,,CHF 8.68,
16.12.21,18:55,Coffee,,,CHF 5.27,
15.12.21,18:20,Food,,,CHF 19.38,
15.12.21,18:25,Food,,,CHF 5.23,
14.12.21,15:14,Coffee,,,CHF 6.27,
14.12.21,15:35,Coffee,,,CHF 10.2,
14.12.21,18:08,Coffee,,,CHF 8.11,
13.12.21,18:14,Coffee,,,CHF 9.6,
13.12.21,18:56,Coffee,,,CHF 6.93,
12.12.21,18:16,Coffee,,,CHF 8.39,
12.12.21,18:38,Coffee,,,CHF 5.32,
12.12.21,04:34,Coffee,,,CHF 8.71,
12.12.21,15:56,Coffee,,,CHF 6.77,
11.12.21,08:29,Dividends,,,,CHF 574.64
10.12.21,18:44,Food,,,CHF 42.17,
10.12.21,10:41,Coffee,,,CHF 8.48,
10.12.21,15:13,Coffee,,,CHF 4.82,
10.12.21,15:40,Coffee,,,CHF 9.19,
10.12.21,15:54,Coffee,,,CHF 6.49,
10.12.21,15:15,Coffee,,,CHF 7.63,
10.12.21,15:07,Coffee,,,CHF 9.84,
09.12.21,18:58,Food,,,CHF 435.43,
09.12.21,12:00,Rent,,,CHF 3300,
09.12.21,12:00,Utilities,,,CHF 419.91,
09.12.21,18:24,Coffee,,,CHF 5.55,
09.12.21,12:00,Salary,,,,CHF 4000
08.12.21,04:24,Coffee,,,CHF 5.15,
08.12.21,04:58,Coffee,,,CHF 5.39,
08.12.21,15:57,Coffee,,,CHF 7.55,
08.12.21,18:22,Coffee,,,CHF 9.17,
07.12.21,18:56,Coffee,,,CHF 9.55,
07.12.21,18:12,Coffee,,,CHF 11.44,
06.12.21,18:54,Dividends,,,,CHF 823.62
05.12.21,18:47,Coffee,,,CHF 5.49,
04.12.21,04:50,Coffee,,,CHF 7.03,
04.12.21,04:52,Coffee,,,CHF 6.32,
04.12.21,10:33,Coffee,,,CHF 8.23,
04.12.21,04:51,Coffee,,,CHF 4.94,
03.12.21,18:46,Food,,,CHF 91.84,
03.12.21,18:25,Coffee,,,CHF 5.56,
02.12.21,15:03,Coffee,,,CHF 8.95,
02.12.21,18:33,Coffee,,,CHF 1.3,
01.12.21,18:30,Coffee,,,CHF 7.18,
01.12.21,10:17,Coffee,,,CHF 6.28,
01.12.21,08:42,Dividends,,,,CHF 754.84
30.11.21,18:15,Food,,,CHF 566.81,
30.11.21,18:06,Coffee,,,CHF 7.14,
30.11.21,04:49,Coffee,,,CHF 7.46,
30.11.21,04:35,Coffee,,,CHF 5.16,
29.11.21,18:40,Clothing,,,CHF 17.4,
29.11.21,15:52,Coffee,,,CHF 7.67,
28.11.21,18:44,Coffee,,,CHF 3.67,
28.11.21,10:20,Coffee,,,CHF 8.12,
28.11.21,10:00,Coffee,,,CHF 6.39,
27.11.21,18:37,Coffee,,,CHF 7.85,
26.11.21,04:06,Coffee,,,CHF 10.06,
25.11.21,18:29,Public Transport,,,CHF 45.21,
25.11.21,18:34,Coffee,,,CHF 6.71,
25.11.21,15:33,Coffee,,,CHF 3.49,
24.11.21,18:18,Coffee,,,CHF 5.57,
23.11.21,15:04,Coffee,,,CHF 6.52,
23.11.21,18:48,Coffee,,,CHF 6.07,
23.11.21,15:42,Coffee,,,CHF 6.83,
22.11.21,10:49,Coffee,,,CHF 7.09,
22.11.21,04:29,Coffee,,,CHF 4.2,
21.11.21,15:31,Coffee,,,CHF 6.77,
21.11.21,15:11,Coffee,,,CHF 7.64,
21.11.21,15:26,Coffee,,,CHF 5.13,
20.11.21,18:16,Food,,,CHF 15.86,
19.11.21,15:34,Coffee,,,CHF 5.02,
19.11.21,15:53,Coffee,,,CHF 8.3,
19.11.21,10:59,Coffee,,,CHF 7.2,
19.11.21,10:24,Coffee,,,CHF 10.62,
19.11.21,18:04,Coffee,,,CHF 8.67,
19.11.21,18:25,Coffee,,,CHF 9.66,
19.11.21,15:01,Coffee,,,CHF 7.05,
19.11.21,15:52,Coffee,,,CHF 7.46,
18.11.21,04:14,Coffee,,,CHF 6.78,
18.11.21,18:52,Coffee,,,CHF 5.21,
18.11.21,18:23,Coffee,,,CHF 8.17,
17.11.21,18:23,Coffee,,,CHF 4.83,
16.11.21,18:20,Coffee,,,CHF 9.62,
16.11.21,10:14,Coffee,,,CHF 8.59,
15.11.21,15:58,Coffee,,,CHF 7.7,
15.11.21,18:12,Coffee,,,CHF 8.57,
15.11.21,18:23,Coffee,,,CHF 7.48,
14.11.21,18:05,Food,,,CHF 313.2,
13.11.21,15:10,Coffee,,,CHF 7.29,
13.11.21,10:32,Coffee,,,CHF 5.96,
13.11.21,10:03,Coffee,,,CHF 4.86,
10.11.21,18:56,Coffee,,,CHF 8.52,
10.11.21,10:40,Coffee,,,CHF 6.52,
09.11.21,12:00,Rent,,,CHF 3300,
09.11.21,12:00,Utilities,,,CHF 534.28,
09.11.21,15:12,Coffee,,,CHF 7.22,
09.11.21,15:53,Coffee,,,CHF 3.62,
09.11.21,18:38,Coffee,,,CHF 8.76,
09.11.21,18:20,Coffee,,,CHF 10.11,
09.11.21,18:45,Coffee,,,CHF 6.38,
09.11.21,12:00,Salary,,,,CHF 4000
08.11.21,18:57,Coffee,,,CHF 8.97,
07.11.21,13:12,Dividends,,,,CHF 774.17
06.11.21,18:55,Coffee,,,CHF 9.33,
06.11.21,04:58,Coffee,,,CHF 8.07,
06.11.21,18:31,Coffee,,,CHF 5.18,
06.11.21,18:22,Coffee,,,CHF 9.88,
06.11.21,04:24,Coffee,,,CHF 7.71,
05.11.21,18:10,Coffee,,,CHF 7.63,
04.11.21,18:27,Food,,,CHF 482.06,
04.11.21,18:27,Coffee,,,CHF 5.53,
04.11.21,15:04,Coffee,,,CHF 6.86,
04.11.21,15:49,Coffee,,,CHF 9.25,
04.11.21,09:17,Coffee,,,CHF 10.7,
03.11.21,18:17,Coffee,,,CHF 5.42,
03.11.21,18:54,Coffee,,,CHF 5.93,
02.11.21,14:58,Coffee,,,CHF 6.08,
02.11.21,14:33,Coffee,,,CHF 6.58,
02.11.21,14:17,Coffee,,,CHF 7.7,
02.11.21,14:47,Coffee,,,CHF 4.08,
02.11.21,18:29,Coffee,,,CHF 4.82,
02.11.21,14:30,Coffee,,,CHF 9.48,
01.11.21,09:34,Coffee,,,CHF 7.23,
31.10.21,14:46,Coffee,,,CHF 9.3,
31.10.21,14:25,Coffee,,,CHF 9.02,
31.10.21,18:48,Coffee,,,CHF 6.49,
30.10.21,18:01,Coffee,,,CHF 5.35,
29.10.21,14:54,Coffee,,,CHF 2.87,
29.10.21,18:37,Coffee,,,CHF 10.76,
28.10.21,18:25,Clothing,,,CHF 27.54,
27.10.21,14:22,Coffee,,,CHF 5.72,
27.10.21,14:17,Coffee,,,CHF 7.57,
26.10.21,18:00,Coffee,,,CHF 9.01,
25.10.21,18:50,Food,,,CHF 347.8,
25.10.21,18:22,Coffee,,,CHF 5.74,
25.10.21,14:25,Coffee,,,CHF 3.98,
25.10.21,14:19,Coffee,,,CHF 7.29,
25.10.21,13:42,Dividends,,,,CHF 922.96
24.10.21,18:04,Coffee,,,CHF 6.72,
23.10.21,18:57,Coffee,,,CHF 5.74,
23.10.21,18:43,Coffee,,,CHF 5.26,
23.10.21,18:51,Coffee,,,CHF 3.69,
22.10.21,09:07,Coffee,,,CHF 4.84,
21.10.21,18:47,Coffee,,,CHF 10.41,
21.10.21,14:50,Coffee,,,CHF 5.52,
20.10.21,04:26,Coffee,,,CHF 5.19,
20.10.21,04:27,Coffee,,,CHF 10.61,
20.10.21,18:21,Coffee,,,CHF 6.85,
20.10.21,03:44,Dividends,,,,CHF 809.3
19.10.21,09:23,Coffee,,,CHF 6.44,
19.10.21,09:45,Coffee,,,CHF 8.56,
19.10.21,18:13,Coffee,,,CHF 7.71,
19.10.21,14:56,Coffee,,,CHF 3.69,
18.10.21,18:08,Coffee,,,CHF 7.59,
17.10.21,14:16,Coffee,,,CHF 7.52,
17.10.21,18:09,Coffee,,,CHF 4.85,
16.10.21,18:07,Coffee,,,CHF 4.69,
16.10.21,09:20,Coffee,,,CHF 5.8,
16.10.21,18:37,Coffee,,,CHF 8.92,
16.10.21,04:52,Coffee,,,CHF 8.85,
15.10.21,18:31,Coffee,,,CHF 8.57,
13.10.21,18:18,Coffee,,,CHF 6.98,
13.10.21,09:21,Coffee,,,CHF 6.52,
13.10.21,18:48,Coffee,,,CHF 6.6,
12.10.21,04:23,Coffee,,,CHF 7.92,
11.10.21,18:00,Food,,,CHF 241.37,
11.10.21,18:56,Coffee,,,CHF 8.8,
11.10.21,18:44,Coffee,,,CHF 9.57,
10.10.21,12:00,Rent,,,CHF 3300,
10.10.21,12:00,Utilities,,,CHF 474.63,
10.10.21,09:28,Coffee,,,CHF 10.27,
10.10.21,09:06,Coffee,,,CHF 6.46,
10.10.21,12:00,Salary,,,,CHF 4000
08.10.21,18:48,Public Transport,,,CHF 69.46,
08.10.21,04:12,Coffee,,,CHF 5.78,
08.10.21,18:25,Coffee,,,CHF 5.56,
08.10.21,14:05,Coffee,,,CHF 7.91,
07.10.21,18:46,Coffee,,,CHF 6.6,
07.10.21,09:25,Coffee,,,CHF 5.09,
06.10.21,18:44,Coffee,,,CHF 8.68,
06.10.21,18:41,Coffee,,,CHF 6.77,
06.10.21,18:11,Coffee,,,CHF 6.81,
04.10.21,04:56,Coffee,,,CHF 5.75,
04.10.21,09:16,Coffee,,,CHF 9.81,
03.10.21,18:57,Coffee,,,CHF 5.88,
30.09.21,04:38,Coffee,,,CHF 4.53,
29.09.21,17:53,Coffee,,,CHF 4.78,
28.09.21,14:03,Coffee,,,CHF 4.26,
28.09.21,17:56,Coffee,,,CHF 7.36,
28.09.21,12:00,Gifts,,,,CHF 597.86
27.09.21,17:44,Coffee,,,CHF 7.31,
27.09.21,17:19,Coffee,,,CHF 5.13,
27.09.21,17:10,Coffee,,,CHF 6.93,
26.09.21,17:00,Coffee,,,CHF 8.7,
26.09.21,14:46,Coffee,,,CHF 7.44,
26.09.21,14:14,Coffee,,,CHF 5.99,
26.09.21,14:43,Coffee,,,CHF 5.74,
26.09.21,14:31,Coffee,,,CHF 6.99,
26.09.21,17:50,Coffee,,,CHF 9.51,
26.09.21,17:54,Coffee,,,CHF 11.84,
24.09.21,17:00,Coffee,,,CHF 8.6,
24.09.21,14:47,Coffee,,,CHF 5.29,
23.09.21,17:40,Coffee,,,CHF 3.41,
22.09.21,14:42,Coffee,,,CHF 7.22,
22.09.21,17:26,Coffee,,,CHF 9.12,
21.09.21,17:21,Food,,,CHF 487.47,
21.09.21,17:34,Coffee,,,CHF 7.68,
21.09.21,17:52,Coffee,,,CHF 9.84,
20.09.21,14:01,Coffee,,,CHF 5.03,
17.09.21,17:13,Coffee,,,CHF 8.29,
17.09.21,04:37,Coffee,,,CHF 7.17,
16.09.21,09:41,Coffee,,,CHF 10.25,
15.09.21,14:26,Coffee,,,CHF 5.22,
15.09.21,17:37,Coffee,,,CHF 6.19,
15.09.21,17:18,Coffee,,,CHF 4.85,
14.09.21,17:42,Coffee,,,CHF 8.58,
13.09.21,17:47,Food,,,CHF 86.58,
13.09.21,09:27,Coffee,,,CHF 7.95,
13.09.21,09:05,Coffee,,,CHF 6.01,
12.09.21,17:03,Coffee,,,CHF 7.07,
11.09.21,17:15,Public Transport,,,CHF 30.22,
11.09.21,17:26,Coffee,,,CHF 5.78,
11.09.21,17:44,Coffee,,,CHF 5.87,
10.09.21,12:00,Rent,,,CHF 3300,
10.09.21,12:00,Utilities,,,CHF 669.95,
10.09.21,17:31,Coffee,,,CHF 8.93,
10.09.21,17:04,Coffee,,,CHF 9.81,
10.09.21,17:42,Coffee,,,CHF 5.32,
10.09.21,12:00,Salary,,,,CHF 4000
09.09.21,04:43,Coffee,,,CHF 6.68,
09.09.21,14:31,Coffee,,,CHF 9.29,
09.09.21,04:44,Coffee,,,CHF 6.26,
09.09.21,17:49,Coffee,,,CHF 8.95,
09.09.21,14:12,Coffee,,,CHF 3.89,
07.09.21,14:37,Coffee,,,CHF 8.25,
07.09.21,09:02,Coffee,,,CHF 5.03,
07.09.21,14:42,Coffee,,,CHF 7.18,
07.09.21,14:13,Coffee,,,CHF 6.12,
07.09.21,13:34,Dividends,,,,CHF 836.49
06.09.21,17:28,Coffee,,,CHF 5.87,
05.09.21,14:52,Coffee,,,CHF 7.65,
05.09.21,04:43,Coffee,,,CHF 4.05,
05.09.21,14:58,Coffee,,,CHF 6.5,
04.09.21,09:14,Coffee,,,CHF 6.34,
04.09.21,09:37,Coffee,,,CHF 9.63,
03.09.21,14:45,Coffee,,,CHF 9.39,
01.09.21,14:14,Coffee,,,CHF 7.96,
01.09.21,14:28,Coffee,,,CHF 7.26,
01.09.21,09:18,Coffee,,,CHF 9.94,
01.09.21,09:36,Coffee,,,CHF 9.57,
01.09.21,09:12,Coffee,,,CHF 3.85,
29.08.21,09:31,Coffee,,,CHF 7.72,
29.08.21,09:34,Coffee,,,CHF 3.9,
28.08.21,04:05,Coffee,,,CHF 7.46,
24.08.21,04:08,Coffee,,,CHF 10.02,
23.08.21,17:38,Food,,,CHF 556.65,
22.08.21,09:07,Coffee,,,CHF 2.55,
22.08.21,09:10,Coffee,,,CHF 6.15,
22.08.21,09:12,Coffee,,,CHF 7.82,
19.08.21,14:18,Coffee,,,CHF 7.53,
18.08.21,17:25,Food,,,CHF 12.0,
16.08.21,09:52,Coffee,,,CHF 7.31,
15.08.21,14:00,Coffee,,,CHF 2.65,
14.08.21,17:22,Dividends,,,,CHF 745.9
13.08.21,09:48,Coffee,,,CHF 5.21,
12.08.21,04:59,Coffee,,,CHF 6.63,
11.08.21,12:00,Rent,,,CHF 3300,
11.08.21,12:00,Utilities,,,CHF 432.05,
11.08.21,12:00,Salary,,,,CHF 4000
10.08.21,09:07,Coffee,,,CHF 8.32,
09.08.21,14:43,Coffee,,,CHF 4.92,
09.08.21,14:27,Coffee,,,CHF 6.32,
08.08.21,04:17,Coffee,,,CHF 8.36,
08.08.21,04:25,Coffee,,,CHF 6.81,
07.08.21,17:51,Food,,,CHF 3.86,
05.08.21,14:11,Coffee,,,CHF 5.14,
04.08.21,09:41,Coffee,,,CHF 4.66,
04.08.21,09:09,Coffee,,,CHF 6.71,
04.08.21,09:24,Coffee,,,CHF 5.88,
04.08.21,09:52,Coffee,,,CHF 9.25,
04.08.21,09:49,Coffee,,,CHF 5.7,
04.08.21,04:23,Coffee,,,CHF 5.79,
04.08.21,04:13,Coffee,,,CHF 3.61,
03.08.21,14:18,Coffee,,,CHF 10.07,
01.08.21,14:55,Coffee,,,CHF 8.69,
29.07.21,17:39,Food,,,CHF 210.25,
29.07.21,09:05,Coffee,,,CHF 9.86,
29.07.21,14:42,Coffee,,,CHF 7.6,
28.07.21,17:27,Food,,,CHF 167.51,
28.07.21,17:20,Food,,,CHF 94.75,
27.07.21,14:14,Coffee,,,CHF 5.54,
27.07.21,14:16,Coffee,,,CHF 4.43,
26.07.21,09:34,Coffee,,,CHF 10.16,
26.07.21,09:55,Coffee,,,CHF 5.56,
23.07.21,09:24,Coffee,,,CHF 8.98,
23.07.21,09:23,Coffee,,,CHF 5.28,
21.07.21,14:56,Coffee,,,CHF 10.03,
19.07.21,14:39,Coffee,,,CHF 7.92,
18.07.21,04:25,Coffee,,,CHF 4.63,
18.07.21,04:13,Coffee,,,CHF 4.7,
18.07.21,04:35,Coffee,,,CHF 5.33,
18.07.21,04:14,Coffee,,,CHF 9.26,
18.07.21,08:11,Dividends,,,,CHF 772.99
15.07.21,14:49,Coffee,,,CHF 6.27,
15.07.21,14:56,Coffee,,,CHF 5.9,
15.07.21,08:48,Dividends,,,,CHF 765.21
13.07.21,16:00,Dividends,,,,CHF 881.63
12.07.21,12:00,Rent,,,CHF 3300,
12.07.21,12:00,Utilities,,,CHF 468.39,
12.07.21,12:00,Salary,,,,CHF 4000
11.07.21,09:17,Coffee,,,CHF 7.42,
10.07.21,04:01,Coffee,,,CHF 6.71,
09.07.21,14:16,Coffee,,,CHF 7.52,
09.07.21,14:24,Coffee,,,CHF 7.74,
08.07.21,09:06,Coffee,,,CHF 5.04,
08.07.21,16:19,Dividends,,,,CHF 659.0
08.07.21,08:04,Dividends,,,,CHF 854.47
07.07.21,14:43,Coffee,,,CHF 6.81,
05.07.21,09:04,Coffee,,,CHF 6.6,
02.07.21,04:15,Coffee,,,CHF 5.74,
02.07.21,09:40,Coffee,,,CHF 9.05,
02.07.21,09:23,Coffee,,,CHF 4.67,
02.07.21,14:24,Coffee,,,CHF 5.26,
02.07.21,09:44,Coffee,,,CHF 8.12,
01.07.21,16:07,Dividends,,,,CHF 845.02
28.06.21,14:43,Coffee,,,CHF 7.98,
28.06.21,14:45,Coffee,,,CHF 7.66,
27.06.21,16:25,Public Transport,,,CHF 41.25,
26.06.21,09:38,Coffee,,,CHF 5.5,
26.06.21,14:22,Coffee,,,CHF 4.82,
26.06.21,14:24,Coffee,,,CHF 8.5,
24.06.21,14:33,Coffee,,,CHF 4.53,
24.06.21,14:51,Coffee,,,CHF 9.12,
23.06.21,09:47,Coffee,,,CHF 8.49,
23.06.21,09:46,Coffee,,,CHF 6.37,
22.06.21,14:25,Coffee,,,CHF 7.4,
20.06.21,04:23,Coffee,,,CHF 9.3,
19.06.21,09:13,Coffee,,,CHF 4.55,
19.06.21,16:37,Dividends,,,,CHF 820.46
16.06.21,16:57,Food,,,CHF 171.01,
16.06.21,14:10,Coffee,,,CHF 7.9,
16.06.21,09:54,Coffee,,,CHF 10.51,
16.06.21,14:14,Coffee,,,CHF 9.09,
16.06.21,09:13,Coffee,,,CHF 4.73,
14.06.21,14:49,Coffee,,,CHF 8.12,
13.06.21,16:29,Food,,,CHF 474.74,
12.06.21,12:00,Rent,,,CHF 1900,
12.06.21,12:00,Utilities,,,CHF 519.53,
12.06.21,14:56,Coffee,,,CHF 8.33,
12.06.21,12:00,Salary,,,,CHF 4000
12.06.21,03:33,Dividends,,,,CHF 972.32
11.06.21,04:55,Coffee,,,CHF 4.8,
10.06.21,09:14,Coffee,,,CHF 7.25,
10.06.21,09:58,Coffee,,,CHF 6.49,
10.06.21,16:03,Dividends,,,,CHF 895.11
09.06.21,14:30,Coffee,,,CHF 7.63,
09.06.21,14:59,Coffee,,,CHF 4.97,
09.06.21,13:41,Dividends,,,,CHF 760.42
07.06.21,04:01,Coffee,,,CHF 4.79,
07.06.21,04:01,Coffee,,,CHF 6.23,
07.06.21,04:36,Coffee,,,CHF 11.02,
07.06.21,04:00,Coffee,,,CHF 7.44,
07.06.21,09:53,Coffee,,,CHF 7.64,
07.06.21,14:01,Coffee,,,CHF 7.98,
04.06.21,09:49,Coffee,,,CHF 3.88,
03.06.21,16:17,Public Transport,,,CHF 15.88,
03.06.21,04:16,Coffee,,,CHF 6.91,
03.06.21,04:22,Coffee,,,CHF 5.41,
03.06.21,14:43,Coffee,,,CHF 8.72,
03.06.21,04:37,Coffee,,,CHF 6.67,
01.06.21,09:42,Coffee,,,CHF 4.5,
30.05.21,14:34,Coffee,,,CHF 5.65,
30.05.21,14:49,Coffee,,,CHF 7.0,
30.05.21,04:13,Coffee,,,CHF 5.06,
29.05.21,09:16,Coffee,,,CHF 10.17,
26.05.21,09:19,Coffee,,,CHF 2.12,
26.05.21,09:33,Coffee,,,CHF 9.27,
26.05.21,13:06,Coffee,,,CHF 8.94,
26.05.21,03:23,Coffee,,,CHF 8.8,
26.05.21,09:11,Coffee,,,CHF 6.55,
26.05.21,09:43,Coffee,,,CHF 5.26,
26.05.21,03:19,Coffee,,,CHF 6.9,
26.05.21,03:04,Coffee,,,CHF 7.04,
24.05.21,13:51,Coffee,,,CHF 8.28,
23.05.21,09:45,Coffee,,,CHF 10.09,
22.05.21,13:39,Coffee,,,CHF 6.81,
22.05.21,03:46,Coffee,,,CHF 8.7,
22.05.21,03:14,Coffee,,,CHF 6.77,
22.05.21,03:33,Coffee,,,CHF 4.56,
20.05.21,09:32,Coffee,,,CHF 9.26,
19.05.21,16:16,Food,,,CHF 8.29,
18.05.21,16:16,Public Transport,,,CHF 39.92,
18.05.21,03:50,Coffee,,,CHF 9.73,
18.05.21,03:56,Coffee,,,CHF 8.69,
15.05.21,13:33,Coffee,,,CHF 9.53,
15.05.21,13:17,Coffee,,,CHF 6.29,
15.05.21,13:07,Coffee,,,CHF 5.94,
14.05.21,03:44,Coffee,,,CHF 7.36,
14.05.21,03:29,Coffee,,,CHF 9.61,
14.05.21,03:45,Coffee,,,CHF 6.83,
14.05.21,09:38,Coffee,,,CHF 9.24,
13.05.21,12:00,Rent,,,CHF 1900,
13.05.21,12:00,Utilities,,,CHF 437.04,
13.05.21,13:53,Coffee,,,CHF 7.67,
13.05.21,12:00,Salary,,,,CHF 4000
11.05.21,13:13,Coffee,,,CHF 7.18,
11.05.21,13:45,Coffee,,,CHF 6.22,
09.05.21,16:41,Food,,,CHF 18.01,
09.05.21,13:48,Coffee,,,CHF 6.44,
08.05.21,16:26,Public Transport,,,CHF 3.21,
07.05.21,13:08,Coffee,,,CHF 8.24,
03.05.21,13:32,Coffee,,,CHF 5.46,
02.05.21,09:48,Coffee,,,CHF 7.54,
02.05.21,03:26,Coffee,,,CHF 7.74,
01.05.21,13:08,Coffee,,,CHF 4.4,
29.04.21,09:43,Coffee,,,CHF 11.76,
29.04.21,13:30,Coffee,,,CHF 7.04,
29.04.21,13:44,Coffee,,,CHF 6.44,
27.04.21,13:52,Coffee,,,CHF 6.49,
27.04.21,03:11,Coffee,,,CHF 9.65,
27.04.21,03:13,Coffee,,,CHF 8.17,
25.04.21,13:26,Coffee,,,CHF 5.02,
23.04.21,03:48,Coffee,,,CHF 6.73,
23.04.21,03:50,Coffee,,,CHF 4.71,
23.04.21,03:15,Coffee,,,CHF 8.33,
21.04.21,15:08,Food,,,CHF 52.69,
20.04.21,13:21,Coffee,,,CHF 7.62,
20.04.21,09:59,Coffee,,,CHF 6.88,
20.04.21,13:27,Coffee,,,CHF 8.07,
20.04.21,09:57,Coffee,,,CHF 6.16,
19.04.21,03:17,Coffee,,,CHF 6.51,
16.04.21,15:32,Food,,,CHF 9.16,
16.04.21,13:53,Coffee,,,CHF 6.87,
16.04.21,13:32,Coffee,,,CHF 8.16,
15.04.21,03:20,Coffee,,,CHF 2.2,
14.04.21,13:13,Coffee,,,CHF 8.26,
13.04.21,12:00,Rent,,,CHF 1900,
13.04.21,12:00,Utilities,,,CHF 315.4,
13.04.21,09:48,Coffee,,,CHF 8.0,
13.04.21,12:00,Salary,,,,CHF 4000
12.04.21,13:25,Coffee,,,CHF 6.75,
11.04.21,03:24,Coffee,,,CHF 1.64,
10.04.21,15:11,Food,,,CHF 714.11,
10.04.21,13:31,Coffee,,,CHF 5.18,
08.04.21,13:05,Coffee,,,CHF 5.45,
08.04.21,13:35,Coffee,,,CHF 11.77,
06.04.21,13:02,Coffee,,,CHF 7.98,
05.04.21,15:42,Food,,,CHF 49.38,
04.04.21,09:30,Coffee,,,CHF 7.49,
04.04.21,09:38,Coffee,,,CHF 5.59,
04.04.21,13:07,Coffee,,,CHF 4.78,
03.04.21,03:59,Coffee,,,CHF 7.19,
02.04.21,13:07,Coffee,,,CHF 3.99,
30.03.21,03:11,Coffee,,,CHF 10.98,
30.03.21,03:48,Coffee,,,CHF 6.3,
29.03.21,09:38,Coffee,,,CHF 8.43,
29.03.21,13:25,Coffee,,,CHF 2.42,
26.03.21,09:09,Coffee,,,CHF 8.63,
26.03.21,13:00,Coffee,,,CHF 7.95,
26.03.21,03:25,Coffee,,,CHF 5.07,
24.03.21,13:16,Coffee,,,CHF 6.92,
23.03.21,03:53,Dividends,,,,CHF 814.31
21.03.21,12:39,Dividends,,,,CHF 667.76
21.03.21,12:41,Dividends,,,,CHF 727.99
20.03.21,09:18,Coffee,,,CHF 4.69,
20.03.21,13:16,Coffee,,,CHF 6.07,
20.03.21,09:05,Coffee,,,CHF 6.05,
20.03.21,13:57,Coffee,,,CHF 4.97,
18.03.21,13:09,Coffee,,,CHF 3.85,
18.03.21,03:36,Coffee,,,CHF 6.32,
16.03.21,13:40,Coffee,,,CHF 9.22,
14.03.21,12:00,Rent,,,CHF 1900,
14.03.21,12:00,Utilities,,,CHF 367.59,
14.03.21,13:45,Coffee,,,CHF 3.08,
14.03.21,13:55,Coffee,,,CHF 5.23,
14.03.21,13:02,Coffee,,,CHF 9.98,
14.03.21,12:00,Salary,,,,CHF 4000
12.03.21,13:37,Coffee,,,CHF 7.7,
10.03.21,13:37,Coffee,,,CHF 7.18,
10.03.21,13:03,Coffee,,,CHF 9.35,
08.03.21,08:23,Coffee,,,CHF 9.53,
08.03.21,08:41,Coffee,,,CHF 4.35,
08.03.21,08:34,Coffee,,,CHF 6.96,
06.03.21,13:25,Coffee,,,CHF 7.47,
06.03.21,13:38,Coffee,,,CHF 7.2,
05.03.21,03:59,Coffee,,,CHF 4.79,
04.03.21,15:15,Food,,,CHF 223.04,
04.03.21,13:19,Coffee,,,CHF 4.98,
02.03.21,15:35,Food,,,CHF 262.64,
02.03.21,08:30,Coffee,,,CHF 6.88,
01.03.21,13:05,Coffee,,,CHF 6.13,
01.03.21,13:45,Coffee,,,CHF 7.55,
01.03.21,13:34,Coffee,,,CHF 3.06,
27.02.21,08:35,Coffee,,,CHF 6.41,
25.02.21,03:11,Coffee,,,CHF 11.6,
25.02.21,03:57,Coffee,,,CHF 6.76,
24.02.21,12:49,Dividends,,,,CHF 812.86
23.02.21,13:51,Coffee,,,CHF 9.0,
23.02.21,13:19,Coffee,,,CHF 10.4,
21.02.21,03:27,Coffee,,,CHF 4.7,
21.02.21,03:51,Coffee,,,CHF 3.18,
21.02.21,03:45,Coffee,,,CHF 7.93,
21.02.21,03:15,Coffee,,,CHF 11.45,
19.02.21,13:22,Coffee,,,CHF 8.21,
17.02.21,03:28,Coffee,,,CHF 8.52,
17.02.21,13:07,Coffee,,,CHF 7.27,
15.02.21,14:29,Food,,,CHF 198.21,
15.02.21,15:07,Food,,,CHF 249.07,
15.02.21,08:43,Coffee,,,CHF 10.24,
15.02.21,08:52,Coffee,,,CHF 7.51,
13.02.21,03:40,Coffee,,,CHF 4.23,
13.02.21,03:07,Coffee,,,CHF 8.97,
12.02.21,14:50,Food,,,CHF 145.18,
12.02.21,12:00,Rent,,,CHF 1900,
12.02.21,12:00,Utilities,,,CHF 572.92,
12.02.21,12:00,Salary,,,,CHF 4000
12.02.21,12:00,Gifts,,,,CHF 651.33
11.02.21,13:57,Coffee,,,CHF 7.07,
07.02.21,14:44,Food,,,CHF 445.89,
05.02.21,14:01,Food,,,CHF 51.12,
05.02.21,03:02,Coffee,,,CHF 8.43,
05.02.21,03:45,Coffee,,,CHF 4.67,
05.02.21,03:41,Coffee,,,CHF 5.78,
05.02.21,08:20,Coffee,,,CHF 6.95,
04.02.21,13:07,Coffee,,,CHF 4.7,
01.02.21,14:59,Food,,,CHF 554.95,
01.02.21,03:21,Coffee,,,CHF 8.1,
29.01.21,13:52,Coffee,,,CHF 10.07,
27.01.21,14:42,Clothing,,,CHF 80.89,
27.01.21,13:34,Coffee,,,CHF 3.24,
27.01.21,13:22,Coffee,,,CHF 6.7,
27.01.21,13:18,Coffee,,,CHF 5.76,
27.01.21,13:52,Coffee,,,CHF 3.51,
25.01.21,13:26,Coffee,,,CHF 6.61,
23.01.21,13:32,Coffee,,,CHF 4.89,
23.01.21,03:39,Coffee,,,CHF 7.23,
21.01.21,08:00,Coffee,,,CHF 9.92,
21.01.21,08:32,Coffee,,,CHF 7.34,
21.01.21,08:27,Coffee,,,CHF 8.54,
19.01.21,03:14,Coffee,,,CHF 7.76,
19.01.21,03:07,Coffee,,,CHF 6.5,
18.01.21,08:02,Coffee,,,CHF 8.26,
17.01.21,13:37,Coffee,,,CHF 7.19,
17.01.21,13:32,Coffee,,,CHF 3.68,
15.01.21,14:04,Food,,,CHF 45.17,
15.01.21,13:08,Coffee,,,CHF 6.01,
15.01.21,03:22,Coffee,,,CHF 8.29,
15.01.21,03:25,Coffee,,,CHF 5.88,
15.01.21,03:14,Coffee,,,CHF 4.73,
15.01.21,03:09,Coffee,,,CHF 4.75,
13.01.21,12:00,Rent,,,CHF 1900,
13.01.21,12:00,Utilities,,,CHF 535.19,
13.01.21,12:00,Salary,,,,CHF 4000
12.01.21,13:10,Coffee,,,CHF 4.39,
11.01.21,03:17,Coffee,,,CHF 5.56,
10.01.21,14:36,Public Transport,,,CHF 8.13,
10.01.21,13:53,Coffee,,,CHF 7.06,
10.01.21,13:57,Coffee,,,CHF 6.64,
09.01.21,08:37,Coffee,,,CHF 7.15,
04.01.21,13:02,Coffee,,,CHF 7.57,
04.01.21,13:39,Coffee,,,CHF 8.29,
03.01.21,14:13,Food,,,CHF 20.82,
31.12.20,14:16,Clothing,,,CHF 13.39,
31.12.20,13:36,Coffee,,,CHF 5.07,
31.12.20,08:20,Coffee,,,CHF 5.75,
30.12.20,03:32,Coffee,,,CHF 5.12,
29.12.20,13:36,Coffee,,,CHF 7.91,
29.12.20,12:36,Dividends,,,,CHF 764.85
28.12.20,08:39,Coffee,,,CHF 5.27,
28.12.20,08:05,Coffee,,,CHF 8.13,
27.12.20,13:55,Coffee,,,CHF 5.53,
26.12.20,03:42,Coffee,,,CHF 5.91,
26.12.20,03:19,Coffee,,,CHF 6.61,
26.12.20,03:16,Coffee,,,CHF 8.33,
26.12.20,03:51,Coffee,,,CHF 9.01,
25.12.20,08:20,Coffee,,,CHF 3.82,
25.12.20,13:04,Coffee,,,CHF 4.04,
24.12.20,14:37,Food,,,CHF 114.14,
23.12.20,13:33,Coffee,,,CHF 8.76,
23.12.20,13:04,Coffee,,,CHF 4.35,
22.12.20,08:06,Coffee,,,CHF 6.26,
22.12.20,03:21,Coffee,,,CHF 5.95,
22.12.20,08:52,Coffee,,,CHF 7.47,
19.12.20,14:21,Food,,,CHF 473.07,
19.12.20,08:08,Coffee,,,CHF 8.29,
18.12.20,03:49,Coffee,,,CHF 7.52,
16.12.20,08:49,Coffee,,,CHF 6.64,
16.12.20,12:10,Coffee,,,CHF 9.81,
14.12.20,12:00,Rent,,,CHF 1900,
14.12.20,12:00,Utilities,,,CHF 508.65,
14.12.20,12:36,Coffee,,,CHF 5.82,
14.12.20,12:18,Coffee,,,CHF 5.11,
14.12.20,12:00,Salary,,,,CHF 4000
13.12.20,08:36,Coffee,,,CHF 4.36,
13.12.20,08:46,Coffee,,,CHF 7.99,
12.12.20,12:37,Coffee,,,CHF 9.01,
12.12.20,07:16,Dividends,,,,CHF 781.31
10.12.20,12:49,Coffee,,,CHF 3.05,
10.12.20,08:20,Coffee,,,CHF 3.09,
09.12.20,03:01,Coffee,,,CHF 7.08,
09.12.20,03:53,Coffee,,,CHF 5.55,
08.12.20,12:47,Coffee,,,CHF 7.62,
06.12.20,14:32,Food,,,CHF 29.68,
06.12.20,14:20,Food,,,CHF 16.19,
06.12.20,12:14,Coffee,,,CHF 8.82,
04.12.20,12:02,Coffee,,,CHF 9.47,
02.12.20,12:16,Coffee,,,CHF 7.25,
02.12.20,12:55,Coffee,,,CHF 6.14,
02.12.20,12:56,Coffee,,,CHF 3.91,
01.12.20,03:42,Coffee,,,CHF 8.71,
30.11.20,08:21,Coffee,,,CHF 9.29,
30.11.20,08:55,Coffee,,,CHF 6.92,
27.11.20,03:35,Coffee,,,CHF 7.04,
27.11.20,08:26,Coffee,,,CHF 8.64,
26.11.20,13:41,Public Transport,,,CHF 26.08,
26.11.20,12:26,Coffee,,,CHF 9.24,
23.11.20,12:58,Coffee,,,CHF 7.58,
22.11.20,02:28,Dividends,,,,CHF 844.81
21.11.20,13:27,Food,,,CHF 32.32,
21.11.20,12:30,Coffee,,,CHF 8.45,
21.11.20,12:18,Coffee,,,CHF 11.09,
19.11.20,12:36,Coffee,,,CHF 9.28,
19.11.20,12:33,Coffee,,,CHF 7.26,
18.11.20,08:18,Coffee,,,CHF 9.15,
18.11.20,02:15,Dividends,,,,CHF 786.63
17.11.20,12:37,Coffee,,,CHF 8.72,
15.11.20,12:44,Coffee,,,CHF 6.26,
15.11.20,03:06,Coffee,,,CHF 4.18,
15.11.20,12:58,Coffee,,,CHF 11.29,
14.11.20,12:00,Rent,,,CHF 1900,
14.11.20,12:00,Utilities,,,CHF 546.81,
14.11.20,12:00,Salary,,,,CHF 4000
13.11.20,12:44,Coffee,,,CHF 6.63,
12.11.20,08:32,Coffee,,,CHF 8.08,
11.11.20,12:47,Coffee,,,CHF 9.87,
11.11.20,12:32,Coffee,,,CHF 12.04,
09.11.20,12:40,Coffee,,,CHF 5.54,
09.11.20,12:42,Coffee,,,CHF 7.65,
07.11.20,12:55,Coffee,,,CHF 4.84,
06.11.20,13:09,Public Transport,,,CHF 38.06,
05.11.20,12:22,Coffee,,,CHF 7.47,
03.11.20,08:26,Coffee,,,CHF 6.88,
03.11.20,03:22,Coffee,,,CHF 6.58,
03.11.20,12:26,Coffee,,,CHF 7.45,
03.11.20,12:50,Coffee,,,CHF 7.51,
03.11.20,12:04,Coffee,,,CHF 3.04,
01.11.20,12:50,Coffee,,,CHF 5.93,
30.10.20,03:11,Coffee,,,CHF 0.81,
28.10.20,11:32,Dividends,,,,CHF 719.21
25.10.20,12:35,Coffee,,,CHF 6.87,
25.10.20,08:41,Coffee,,,CHF 4.33,
25.10.20,12:10,Coffee,,,CHF 6.69,
25.10.20,08:11,Coffee,,,CHF 5.99,
22.10.20,08:17,Coffee,,,CHF 9.69,
22.10.20,08:52,Coffee,,,CHF 5.39,
22.10.20,08:26,Coffee,,,CHF 8.81,
19.10.20,12:06,Coffee,,,CHF 7.48,
19.10.20,08:10,Coffee,,,CHF 6.57,
17.10.20,12:49,Coffee,,,CHF 8.83,
17.10.20,12:00,Other,Promotion Bonus,,,20000
16.10.20,13:39,Food,,,CHF 33.95,
16.10.20,13:09,Food,,,CHF 532.7,
16.10.20,13:30,Food,,,CHF 36.09,
15.10.20,12:00,Rent,,,CHF 1900,
15.10.20,12:00,Utilities,,,CHF 430.16,
15.10.20,12:16,Coffee,,,CHF 7.84,
15.10.20,12:00,Salary,,,,CHF 4000
13.10.20,12:27,Coffee,,,CHF 8.17,
13.10.20,03:15,Coffee,,,CHF 5.6,
13.10.20,03:59,Coffee,,,CHF 9.38,
11.10.20,12:44,Coffee,,,CHF 6.41,
11.10.20,12:30,Coffee,,,CHF 5.98,
10.10.20,08:09,Coffee,,,CHF 7.46,
10.10.20,08:14,Coffee,,,CHF 3.89,
10.10.20,08:26,Coffee,,,CHF 7.68,
09.10.20,12:53,Coffee,,,CHF 5.96,
09.10.20,03:52,Coffee,,,CHF 6.55,
09.10.20,03:18,Coffee,,,CHF 8.09,
09.10.20,12:00,Technology,New Playstation,,900,
09.10.20,12:00,Holiday,Indonesia,,2990,
08.10.20,13:10,Public Transport,,,CHF 38.31,
07.10.20,12:22,Coffee,,,CHF 5.85,
05.10.20,13:22,Public Transport,,,CHF 55.78,
05.10.20,03:55,Coffee,,,CHF 8.08,
04.10.20,12:39,Coffee,,,CHF 8.47,
03.10.20,13:03,Food,,,CHF 173.3,
01.10.20,13:49,Food,,,CHF 136.62,
01.10.20,03:11,Coffee,,,CHF 6.22,
01.10.20,03:41,Coffee,,,CHF 4.14,
01.10.20,03:19,Coffee,,,CHF 7.81,
30.09.20,12:03,Coffee,,,CHF 6.88,
30.09.20,08:37,Coffee,,,CHF 7.22,
30.09.20,12:26,Coffee,,,CHF 10.27,
30.09.20,12:00,Coffee,,,CHF 9.83,
29.09.20,13:35,Food,,,CHF 185.43,
29.09.20,13:22,Food,,,CHF 121.88,
29.09.20,12:00,Technology,4K TV,,1899,
27.09.20,08:59,Coffee,,,CHF 8.33,
26.09.20,02:03,Dividends,,,,CHF 994.34
24.09.20,08:58,Coffee,,,CHF 5.86,
24.09.20,08:41,Coffee,,,CHF 6.98,
24.09.20,08:33,Coffee,,,CHF 10.22,
24.09.20,11:31,Dividends,,,,CHF 823.79
23.09.20,13:28,Clothing,,,CHF 44.42,
23.09.20,03:21,Coffee,,,CHF 5.95,
22.09.20,12:44,Coffee,,,CHF 8.28,
22.09.20,12:09,Coffee,,,CHF 9.61,
21.09.20,08:32,Coffee,,,CHF 10.09,
18.09.20,12:10,Coffee,,,CHF 4.93,
18.09.20,08:50,Coffee,,,CHF 6.7,
18.09.20,12:36,Coffee,,,CHF 4.53,
16.09.20,12:20,Coffee,,,CHF 5.95,
15.09.20,12:00,Rent,,,CHF 1900,
15.09.20,12:00,Utilities,,,CHF 561.79,
15.09.20,03:15,Coffee,,,CHF 8.93,
15.09.20,03:19,Coffee,,,CHF 7.01,
15.09.20,12:00,Salary,,,,CHF 4000
12.09.20,12:28,Coffee,,,CHF 4.89,
12.09.20,12:59,Coffee,,,CHF 6.45,
12.09.20,08:56,Coffee,,,CHF 5.67,
11.09.20,03:52,Coffee,,,CHF 6.45,
11.09.20,03:46,Coffee,,,CHF 7.33,
11.09.20,03:39,Coffee,,,CHF 4.16,
09.09.20,08:15,Coffee,,,CHF 10.88,
09.09.20,08:10,Coffee,,,CHF 6.26,
09.09.20,08:35,Coffee,,,CHF 8.8,
09.09.20,08:16,Coffee,,,CHF 4.18,
07.09.20,12:41,Coffee,,,CHF 4.53,
07.09.20,12:39,Coffee,,,CHF 6.09,
07.09.20,12:28,Coffee,,,CHF 8.98,
07.09.20,12:08,Coffee,,,CHF 10.75,
07.09.20,12:16,Coffee,,,CHF 7.27,
06.09.20,12:25,Food,,,CHF 88.53,
06.09.20,08:07,Coffee,,,CHF 3.4,
06.09.20,08:05,Coffee,,,CHF 7.8,
06.09.20,03:41,Coffee,,,CHF 3.82,
03.09.20,12:58,Coffee,,,CHF 9.18,
03.09.20,08:19,Coffee,,,CHF 3.99,
03.09.20,08:15,Coffee,,,CHF 6.42,
03.09.20,12:29,Coffee,,,CHF 9.28,
02.09.20,12:04,Food,,,CHF 27.27,
31.08.20,08:43,Coffee,,,CHF 8.48,
31.08.20,08:20,Coffee,,,CHF 4.79,
31.08.20,08:32,Coffee,,,CHF 7.12,
30.08.20,12:42,Coffee,,,CHF 7.6,
29.08.20,11:35,Dividends,,,,CHF 754.63
28.08.20,08:55,Coffee,,,CHF 8.67,
28.08.20,08:26,Coffee,,,CHF 6.69,
27.08.20,12:18,Food,,,CHF 179.54,
26.08.20,12:54,Coffee,,,CHF 8.08,
21.08.20,03:51,Coffee,,,CHF 6.17,
21.08.20,03:46,Coffee,,,CHF 9.04,
21.08.20,03:32,Coffee,,,CHF 6.34,
20.08.20,12:24,Coffee,,,CHF 8.75,
19.08.20,08:31,Coffee,,,CHF 7.95,
19.08.20,08:57,Coffee,,,CHF 8.21,
18.08.20,12:04,Food,,,CHF 256.53,
17.08.20,12:27,Food,,,CHF 2.33,
17.08.20,12:55,Food,,,CHF 132.48,
17.08.20,03:38,Coffee,,,CHF 6.84,
16.08.20,12:00,Rent,,,CHF 1900,
16.08.20,12:00,Utilities,,,CHF 620.26,
16.08.20,12:00,Salary,,,,CHF 4000
15.08.20,12:06,Public Transport,,,CHF 14.08,
15.08.20,12:48,Coffee,,,CHF 8.2,
15.08.20,12:11,Coffee,,,CHF 2.6,
13.08.20,12:03,Food,,,CHF 449.41,
13.08.20,08:09,Coffee,,,CHF 7.62,
13.08.20,08:44,Coffee,,,CHF 12.43,
11.08.20,12:37,Coffee,,,CHF 2.87,
10.08.20,08:11,Coffee,,,CHF 5.08,
09.08.20,03:50,Coffee,,,CHF 6.39,
08.08.20,12:57,Public Transport,,,CHF 32.24,
07.08.20,12:55,Food,,,CHF 153.48,
07.08.20,08:24,Coffee,,,CHF 4.19,
05.08.20,03:02,Coffee,,,CHF 9.46,
05.08.20,12:31,Coffee,,,CHF 10.89,
05.08.20,03:08,Coffee,,,CHF 6.91,
05.08.20,12:53,Coffee,,,CHF 8.2,
05.08.20,12:21,Coffee,,,CHF 5.27,
04.08.20,12:31,Clothing,,,CHF 46.65,
03.08.20,12:10,Coffee,,,CHF 5.86,
03.08.20,12:05,Coffee,,,CHF 7.53,
01.08.20,12:09,Coffee,,,CHF 4.51,
01.08.20,08:28,Coffee,,,CHF 12.32,
01.08.20,12:02,Coffee,,,CHF 3.78,
28.07.20,12:23,Coffee,,,CHF 6.08,
28.07.20,12:04,Coffee,,,CHF 6.84,
28.07.20,03:42,Coffee,,,CHF 7.31,
26.07.20,12:23,Coffee,,,CHF 11.23,
26.07.20,12:45,Coffee,,,CHF 6.55,
23.07.20,12:27,Coffee,,,CHF 4.68,
23.07.20,12:28,Coffee,,,CHF 6.15,
23.07.20,02:08,Coffee,,,CHF 9.27,
23.07.20,02:35,Coffee,,,CHF 7.46,
23.07.20,03:36,Coffee,,,CHF 2.66,
23.07.20,03:50,Coffee,,,CHF 3.51,
23.07.20,12:55,Coffee,,,CHF 5.81,
23.07.20,12:26,Coffee,,,CHF 7.35,
21.07.20,12:06,Coffee,,,CHF 7.0,
21.07.20,12:19,Coffee,,,CHF 4.84,
21.07.20,11:21,Dividends,,,,CHF 723.71
19.07.20,12:50,Coffee,,,CHF 8.41,
19.07.20,07:18,Coffee,,,CHF 2.95,
19.07.20,12:30,Coffee,,,CHF 5.72,
19.07.20,07:05,Coffee,,,CHF 8.27,
18.07.20,12:36,Public Transport,,,CHF 22.19,
17.07.20,12:32,Clothing,,,CHF 86.4,
17.07.20,12:00,Rent,,,CHF 1900,
17.07.20,12:00,Utilities,,,CHF 351.59,
17.07.20,12:27,Coffee,,,CHF 8.76,
17.07.20,12:00,Salary,,,,CHF 4000
15.07.20,11:31,Coffee,,,CHF 8.85,
15.07.20,11:27,Coffee,,,CHF 4.86,
13.07.20,11:07,Coffee,,,CHF 2.34,
10.07.20,07:49,Coffee,,,CHF 6.57,
10.07.20,07:27,Coffee,,,CHF 5.81,
10.07.20,07:27,Coffee,,,CHF 8.35,
09.07.20,11:39,Coffee,,,CHF 8.98,
09.07.20,11:42,Coffee,,,CHF 6.07,
09.07.20,11:40,Coffee,,,CHF 7.04,
07.07.20,11:42,Coffee,,,CHF 9.02,
07.07.20,11:00,Coffee,,,CHF 4.68,
05.07.20,11:30,Coffee,,,CHF 9.41,
05.07.20,11:52,Coffee,,,CHF 6.68,
04.07.20,07:56,Coffee,,,CHF 9.42,
03.07.20,11:15,Coffee,,,CHF 7.55,
01.07.20,11:22,Coffee,,,CHF 5.72,
01.07.20,07:33,Coffee,,,CHF 5.92,
01.07.20,11:23,Coffee,,,CHF 6.38,
29.06.20,02:37,Coffee,,,CHF 8.11,
29.06.20,02:37,Coffee,,,CHF 2.65,
29.06.20,12:00,Gifts,,,,CHF 299.72
28.06.20,11:27,Coffee,,,CHF 9.42,
28.06.20,11:27,Coffee,,,CHF 3.66,
28.06.20,07:23,Coffee,,,CHF 8.22,
28.06.20,07:42,Coffee,,,CHF 10.5,
28.06.20,07:19,Coffee,,,CHF 4.31,
28.06.20,06:37,Dividends,,,,CHF 929.65
25.06.20,07:58,Coffee,,,CHF 4.74,
24.06.20,11:25,Coffee,,,CHF 7.13,
24.06.20,11:04,Coffee,,,CHF 7.91,
22.06.20,11:09,Coffee,,,CHF 7.84,
22.06.20,07:08,Coffee,,,CHF 7.27,
22.06.20,07:23,Coffee,,,CHF 11.28,
21.06.20,11:04,Food,,,CHF 7.71,
21.06.20,02:47,Coffee,,,CHF 3.6,
21.06.20,02:45,Coffee,,,CHF 3.7,
19.06.20,11:42,Food,,,CHF 352.43,
19.06.20,07:56,Coffee,,,CHF 7.6,
18.06.20,11:48,Coffee,,,CHF 4.09,
17.06.20,12:00,Rent,,,CHF 1900,
17.06.20,12:00,Utilities,,,CHF 428.45,
17.06.20,12:00,Salary,,,,CHF 4000
15.06.20,11:56,Clothing,,,CHF 89.55,
13.06.20,02:15,Coffee,,,CHF 7.89,
13.06.20,02:09,Coffee,,,CHF 2.99,
09.06.20,02:10,Coffee,,,CHF 6.07,
07.06.20,07:29,Coffee,,,CHF 6.89,
01.06.20,11:28,Food,,,CHF 244.15,
01.06.20,07:53,Coffee,,,CHF 8.79,
01.06.20,07:20,Coffee,,,CHF 5.48,
31.05.20,02:36,Coffee,,,CHF 1.4,
31.05.20,02:18,Coffee,,,CHF 6.67,
26.05.20,07:53,Coffee,,,CHF 4.45,
26.05.20,07:20,Coffee,,,CHF 5.72,
24.05.20,11:56,Food,,,CHF 65.58,
23.05.20,11:20,Food,,,CHF 125.91,
23.05.20,07:47,Coffee,,,CHF 7.19,
18.05.20,11:15,Clothing,,,CHF 24.15,
18.05.20,12:00,Rent,,,CHF 1900,
18.05.20,12:00,Utilities,,,CHF 575.66,
18.05.20,12:00,Salary,,,,CHF 4000
14.05.20,11:24,Food,,,CHF 3.55,
13.05.20,11:01,Food,,,CHF 75.94,
13.05.20,07:27,Coffee,,,CHF 7.26,
11.05.20,02:27,Coffee,,,CHF 8.06,
03.05.20,02:53,Coffee,,,CHF 6.18,
03.05.20,02:16,Coffee,,,CHF 11.78,
01.05.20,07:59,Coffee,,,CHF 5.27,
30.04.20,11:34,Clothing,,,CHF 16.22,
30.04.20,11:51,Clothing,,,CHF 89.41,
29.04.20,02:04,Coffee,,,CHF 6.33,
29.04.20,02:29,Coffee,,,CHF 5.47,
28.04.20,07:27,Coffee,,,CHF 10.14,
25.04.20,07:49,Coffee,,,CHF 9.82,
25.04.20,07:03,Coffee,,,CHF 5.34,
25.04.20,02:49,Coffee,,,CHF 4.57,
22.04.20,07:32,Coffee,,,CHF 7.74,
20.04.20,06:18,Dividends,,,,CHF 732.83
18.04.20,11:34,Food,,,CHF 356.32,
18.04.20,12:00,Rent,,,CHF 1900,
18.04.20,12:00,Utilities,,,CHF 539.73,
18.04.20,12:00,Salary,,,,CHF 3000
16.04.20,07:23,Coffee,,,CHF 5.83,
15.04.20,10:44,Food,,,CHF 438.18,
13.04.20,10:12,Clothing,,,CHF 33.65,
13.04.20,10:18,Clothing,,,CHF 40.78,
13.04.20,07:16,Coffee,,,CHF 9.81,
12.04.20,02:38,Coffee,,,CHF 5.37,
12.04.20,02:13,Coffee,,,CHF 8.01,
12.04.20,02:53,Coffee,,,CHF 7.05,
12.04.20,02:05,Coffee,,,CHF 8.01,
10.04.20,07:51,Coffee,,,CHF 8.26,
09.04.20,10:31,Food,,,CHF 58.73,
08.04.20,02:17,Coffee,,,CHF 4.91,
08.04.20,02:16,Coffee,,,CHF 8.05,
08.04.20,02:38,Coffee,,,CHF 8.52,
07.04.20,07:45,Coffee,,,CHF 7.3,
05.04.20,10:55,Food,,,CHF 65.62,
04.04.20,07:14,Coffee,,,CHF 5.13,
31.03.20,02:57,Coffee,,,CHF 9.24,
31.03.20,02:03,Coffee,,,CHF 3.14,
29.03.20,07:50,Coffee,,,CHF 8.36,
27.03.20,10:27,Food,,,CHF 135.7,
27.03.20,02:10,Coffee,,,CHF 5.22,
27.03.20,02:43,Coffee,,,CHF 7.64,
26.03.20,10:15,Public Transport,,,CHF 104.66,
26.03.20,07:03,Coffee,,,CHF 5.76,
23.03.20,07:16,Coffee,,,CHF 6.48,
19.03.20,12:00,Rent,,,CHF 1900,
19.03.20,12:00,Utilities,,,CHF 263.23,
19.03.20,02:15,Coffee,,,CHF 5.23,
19.03.20,12:00,Salary,,,,CHF 3000
16.03.20,07:25,Coffee,,,CHF 7.27,
16.03.20,07:02,Coffee,,,CHF 7.37,
16.03.20,07:53,Coffee,,,CHF 8.64,
15.03.20,02:58,Coffee,,,CHF 7.93,
15.03.20,02:06,Coffee,,,CHF 5.07,
15.03.20,10:36,Dividends,,,,CHF 886.49
10.03.20,10:23,Food,,,CHF 272.27,
08.03.20,10:19,Public Transport,,,CHF 43.02,
07.03.20,02:57,Coffee,,,CHF 3.53,
07.03.20,02:13,Coffee,,,CHF 3.24,
06.03.20,10:42,Clothing,,,CHF 76.06,
04.03.20,07:42,Coffee,,,CHF 4.68,
02.03.20,02:01,Coffee,,,CHF 8.18,
02.03.20,02:01,Coffee,,,CHF 3.32,
27.02.20,10:15,Food,,,CHF 363.32,
26.02.20,10:23,Public Transport,,,CHF 60.08,
24.02.20,07:32,Coffee,,,CHF 4.0,
23.02.20,02:08,Coffee,,,CHF 5.95,
21.02.20,07:30,Coffee,,,CHF 7.89,
21.02.20,07:16,Coffee,,,CHF 4.96,
21.02.20,07:18,Coffee,,,CHF 4.05,
19.02.20,10:38,Public Transport,,,CHF 39.07,
18.02.20,12:00,Rent,,,CHF 1900,
18.02.20,12:00,Utilities,,,CHF 294.82,
18.02.20,12:00,Salary,,,,CHF 3000
15.02.20,02:32,Coffee,,,CHF 6.83,
15.02.20,07:09,Coffee,,,CHF 9.13,
09.02.20,07:49,Coffee,,,CHF 9.3,
07.02.20,02:20,Coffee,,,CHF 7.48,
07.02.20,02:24,Coffee,,,CHF 5.25,
07.02.20,02:44,Coffee,,,CHF 6.47,
03.02.20,07:12,Coffee,,,CHF 7.31,
03.02.20,07:34,Coffee,,,CHF 3.72,
03.02.20,07:56,Coffee,,,CHF 6.97,
02.02.20,10:56,Food,,,CHF 504.84,
30.01.20,02:26,Coffee,,,CHF 8.58,
30.01.20,02:50,Coffee,,,CHF 7.03,
28.01.20,07:11,Coffee,,,CHF 5.05,
28.01.20,07:31,Coffee,,,CHF 8.28,
28.01.20,07:04,Coffee,,,CHF 9.59,
26.01.20,02:07,Coffee,,,CHF 7.68,
22.01.20,07:16,Coffee,,,CHF 7.27,
22.01.20,07:45,Coffee,,,CHF 7.97,
22.01.20,02:20,Coffee,,,CHF 6.8,
22.01.20,07:37,Coffee,,,CHF 9.84,
19.01.20,12:00,Rent,,,CHF 1900,
19.01.20,12:00,Utilities,,,CHF 546.98,
19.01.20,07:54,Coffee,,,CHF 7.59,
19.01.20,12:00,Salary,,,,CHF 3000
17.01.20,02:01,Coffee,,,CHF 6.66,
16.01.20,09:32,Food,,,CHF 157.8,
16.01.20,07:39,Coffee,,,CHF 8.01,
16.01.20,07:47,Coffee,,,CHF 8.09,
16.01.20,07:37,Coffee,,,CHF 4.37,
13.01.20,02:58,Coffee,,,CHF 5.42,
11.01.20,09:45,Food,,,CHF 25.17,
11.01.20,09:37,Food,,,CHF 184.76,
09.01.20,07:12,Coffee,,,CHF 1.94,
09.01.20,07:20,Coffee,,,CHF 10.23,
09.01.20,07:32,Coffee,,,CHF 9.38,
09.01.20,07:12,Coffee,,,CHF 5.15,
07.01.20,09:54,Food,,,CHF 209.09,
06.01.20,09:02,Food,,,CHF 358.49,
06.01.20,07:27,Coffee,,,CHF 7.77,
03.01.20,07:02,Coffee,,,CHF 7.72,
01.01.20,02:42,Coffee,,,CHF 5.95,
28.12.19,09:50,Food,,,CHF 42.19,
28.12.19,07:38,Coffee,,,CHF 9.08,
28.12.19,02:28,Coffee,,,CHF 11.42,
28.12.19,07:56,Coffee,,,CHF 6.68,
28.12.19,07:27,Coffee,,,CHF 6.84,
25.12.19,07:53,Coffee,,,CHF 8.1,
24.12.19,02:48,Coffee,,,CHF 5.53,
24.12.19,02:42,Coffee,,,CHF 2.58,
23.12.19,09:59,Public Transport,,,CHF 29.15,
22.12.19,07:09,Coffee,,,CHF 5.24,
22.12.19,07:15,Coffee,,,CHF 7.12,
21.12.19,09:54,Public Transport,,,CHF 18.49,
20.12.19,12:00,Rent,,,CHF 1900,
20.12.19,12:00,Utilities,,,CHF 455.93,
20.12.19,02:27,Coffee,,,CHF 4.91,
20.12.19,12:00,Salary,,,,CHF 3000
19.12.19,07:55,Coffee,,,CHF 8.71,
19.12.19,07:23,Coffee,,,CHF 5.98,
19.12.19,07:37,Coffee,,,CHF 1.77,
19.12.19,07:50,Coffee,,,CHF 8.8,
16.12.19,07:36,Coffee,,,CHF 10.09,
16.12.19,07:11,Coffee,,,CHF 2.41,
15.12.19,09:22,Food,,,CHF 118.26,
15.12.19,09:59,Food,,,CHF 160.89,
13.12.19,07:39,Coffee,,,CHF 5.86,
12.12.19,02:36,Coffee,,,CHF 3.2,
12.12.19,02:25,Coffee,,,CHF 6.94,
10.12.19,09:59,Food,,,CHF 48.25,
09.12.19,09:18,Food,,,CHF 88.67,
07.12.19,06:08,Coffee,,,CHF 4.49,
07.12.19,06:03,Coffee,,,CHF 6.3,
04.12.19,02:45,Coffee,,,CHF 4.72,
04.12.19,02:11,Coffee,,,CHF 7.27,
29.11.19,02:29,Coffee,,,CHF 8.85,
28.11.19,06:58,Coffee,,,CHF 6.42,
25.11.19,02:54,Coffee,,,CHF 7.5,
22.11.19,09:30,Food,,,CHF 110.39,
22.11.19,06:50,Coffee,,,CHF 6.4,
21.11.19,02:17,Coffee,,,CHF 5.75,
21.11.19,02:26,Coffee,,,CHF 6.42,
20.11.19,12:00,Rent,,,CHF 1900,
20.11.19,12:00,Utilities,,,CHF 521.1,
20.11.19,12:00,Salary,,,,CHF 3000
17.11.19,02:45,Coffee,,,CHF 10.56,
16.11.19,06:00,Coffee,,,CHF 7.56,
16.11.19,06:25,Coffee,,,CHF 10.25,
16.11.19,06:02,Coffee,,,CHF 7.44,
14.11.19,12:00,Gifts,,,,CHF 137.88
13.11.19,08:29,Public Transport,,,CHF 39.71,
13.11.19,02:27,Coffee,,,CHF 6.48,
13.11.19,06:41,Coffee,,,CHF 7.46,
10.11.19,06:54,Coffee,,,CHF 4.54,
09.11.19,08:41,Clothing,,,CHF 78.29,
09.11.19,02:13,Coffee,,,CHF 10.3,
06.11.19,06:36,Coffee,,,CHF 9.14,
31.10.19,06:50,Coffee,,,CHF 10.3,
30.10.19,08:29,Food,,,CHF 221.73,
22.10.19,06:04,Coffee,,,CHF 5.03,
21.10.19,12:00,Rent,,,CHF 1900,
21.10.19,12:00,Utilities,,,CHF 381.63,
21.10.19,12:00,Salary,,,,CHF 3000
20.10.19,08:33,Public Transport,,,CHF 59.5,
20.10.19,02:15,Coffee,,,CHF 8.04,
20.10.19,02:45,Coffee,,,CHF 6.88,
20.10.19,12:00,Other,Lottery Win,,,10000
19.10.19,06:41,Coffee,,,CHF 8.91,
16.10.19,08:41,Food,,,CHF 160.23,
16.10.19,06:47,Coffee,,,CHF 8.98,
16.10.19,06:57,Coffee,,,CHF 7.9,
16.10.19,06:09,Coffee,,,CHF 7.64,
16.10.19,06:24,Coffee,,,CHF 5.4,
15.10.19,08:08,Food,,,CHF 84.02,
15.10.19,02:41,Coffee,,,CHF 9.83,
14.10.19,08:45,Food,,,CHF 62.25,
13.10.19,06:44,Coffee,,,CHF 6.14,
13.10.19,06:50,Coffee,,,CHF 3.15,
11.10.19,01:35,Dividends,,,,CHF 735.81
10.10.19,06:02,Coffee,,,CHF 7.71,
07.10.19,06:08,Coffee,,,CHF 2.1,
07.10.19,02:51,Coffee,,,CHF 6.58,
04.10.19,08:32,Clothing,,,CHF 56.7,
01.10.19,06:18,Coffee,,,CHF 5.29,
29.09.19,02:05,Coffee,,,CHF 7.43,
28.09.19,06:10,Coffee,,,CHF 3.46,
28.09.19,06:10,Coffee,,,CHF 6.98,
28.09.19,05:27,Dividends,,,,CHF 829.94
27.09.19,08:19,Food,,,CHF 213.14,
21.09.19,12:00,Rent,,,CHF 1900,
21.09.19,12:00,Utilities,,,CHF 392.96,
21.09.19,02:21,Coffee,,,CHF 4.02,
21.09.19,02:27,Coffee,,,CHF 5.91,
21.09.19,12:00,Salary,,,,CHF 3000
19.09.19,06:58,Coffee,,,CHF 5.89,
17.09.19,08:39,Food,,,CHF 348.38,
16.09.19,08:40,Clothing,,,CHF 43.53,
16.09.19,06:36,Coffee,,,CHF 8.6,
13.09.19,08:52,Food,,,CHF 369.48,
13.09.19,01:20,Coffee,,,CHF 8.88,
13.09.19,06:39,Coffee,,,CHF 4.96,
13.09.19,06:42,Coffee,,,CHF 7.11,
13.09.19,06:55,Coffee,,,CHF 1.08,
10.09.19,06:13,Coffee,,,CHF 3.67,
09.09.19,01:03,Coffee,,,CHF 4.85,
05.09.19,01:53,Coffee,,,CHF 5.64,
01.09.19,07:13,Food,,,CHF 28.19,
01.09.19,01:01,Coffee,,,CHF 8.38,
31.08.19,06:17,Coffee,,,CHF 6.32,
28.08.19,06:39,Coffee,,,CHF 4.23,
27.08.19,01:52,Coffee,,,CHF 6.78,
23.08.19,01:01,Coffee,,,CHF 8.06,
23.08.19,01:56,Coffee,,,CHF 6.24,
22.08.19,12:00,Rent,,,CHF 1900,
22.08.19,12:00,Utilities,,,CHF 494.74,
22.08.19,12:00,Salary,,,,CHF 3000
19.08.19,06:14,Coffee,,,CHF 7.46,
18.08.19,07:11,Clothing,,,CHF 78.21,
16.08.19,06:47,Coffee,,,CHF 6.47,
15.08.19,07:12,Food,,,CHF 969.7,
15.08.19,07:41,Food,,,CHF 421.32,
13.08.19,06:18,Coffee,,,CHF 9.32,
11.08.19,01:23,Coffee,,,CHF 5.53,
10.08.19,06:41,Coffee,,,CHF 8.07,
10.08.19,06:37,Coffee,,,CHF 1.17,
09.08.19,07:17,Clothing,,,CHF 83.56,
07.08.19,01:28,Coffee,,,CHF 3.83,
07.08.19,01:01,Coffee,,,CHF 6.14,
05.08.19,07:09,Food,,,CHF 130.2,
04.08.19,06:56,Coffee,,,CHF 7.99,
03.08.19,01:54,Coffee,,,CHF 5.43,
01.08.19,06:26,Coffee,,,CHF 8.43,
01.08.19,06:07,Coffee,,,CHF 8.2,
30.07.19,01:43,Coffee,,,CHF 9.92,
29.07.19,06:58,Coffee,,,CHF 9.25,
29.07.19,06:01,Coffee,,,CHF 11.9,
26.07.19,07:19,Clothing,,,CHF 97.44,
23.07.19,12:00,Rent,,,CHF 1900,
23.07.19,12:00,Utilities,,,CHF 450.46,
23.07.19,06:22,Coffee,,,CHF 10.23,
23.07.19,12:00,Salary,,,,CHF 3000
22.07.19,01:15,Coffee,,,CHF 10.75,
20.07.19,06:41,Coffee,,,CHF 4.44,
18.07.19,01:04,Coffee,,,CHF 7.92,
18.07.19,01:46,Coffee,,,CHF 9.89,
17.07.19,07:33,Food,,,CHF 43.92,
17.07.19,06:22,Coffee,,,CHF 8.04,
16.07.19,07:12,Food,,,CHF 48.12,
16.07.19,07:47,Food,,,CHF 101.06,
14.07.19,06:18,Coffee,,,CHF 5.41,
11.07.19,06:35,Coffee,,,CHF 7.26,
11.07.19,06:53,Coffee,,,CHF 7.1,
11.07.19,12:00,Holiday,Holiday Trip Canada,,3499,
09.07.19,07:22,Public Transport,,,CHF 22.61,
08.07.19,06:50,Coffee,,,CHF 4.89,
08.07.19,06:46,Coffee,,,CHF 4.53,
05.07.19,01:45,Coffee,,,CHF 6.85,
05.07.19,01:48,Coffee,,,CHF 6.37,
05.07.19,01:33,Coffee,,,CHF 7.32,
05.07.19,01:09,Coffee,,,CHF 8.89,
02.07.19,06:21,Coffee,,,CHF 3.58,
02.07.19,06:38,Coffee,,,CHF 7.5,
02.07.19,06:01,Coffee,,,CHF 9.55,
02.07.19,06:39,Coffee,,,CHF 7.09,
01.07.19,01:01,Coffee,,,CHF 8.93,
01.07.19,01:31,Coffee,,,CHF 8.18,
28.06.19,06:41,Coffee,,,CHF 6.37,
27.06.19,01:15,Coffee,,,CHF 8.95,
27.06.19,01:18,Dividends,,,,CHF 907.46
25.06.19,06:32,Coffee,,,CHF 6.28,
25.06.19,06:41,Coffee,,,CHF 6.68,
23.06.19,12:00,Rent,,,CHF 1900,
23.06.19,12:00,Utilities,,,CHF 247.82,
23.06.19,12:00,Salary,,,,CHF 3000
22.06.19,06:24,Coffee,,,CHF 5.4,
19.06.19,01:38,Coffee,,,CHF 7.54,
18.06.19,07:19,Food,,,CHF 105.87,
16.06.19,06:09,Coffee,,,CHF 7.88,
07.06.19,06:41,Coffee,,,CHF 8.11,
06.06.19,06:18,Food,,,CHF 88.45,
04.06.19,06:01,Coffee,,,CHF 4.28,
04.06.19,06:21,Coffee,,,CHF 9.0,
04.06.19,06:18,Coffee,,,CHF 6.17,
03.06.19,01:02,Coffee,,,CHF 7.01,
03.06.19,01:12,Coffee,,,CHF 6.91,
03.06.19,01:23,Coffee,,,CHF 6.05,
01.06.19,06:03,Coffee,,,CHF 7.72,
29.05.19,06:21,Food,,,CHF 229.35,
29.05.19,01:03,Coffee,,,CHF 7.45,
29.05.19,01:30,Coffee,,,CHF 7.6,
29.05.19,06:50,Coffee,,,CHF 7.69,
29.05.19,01:52,Coffee,,,CHF 11.53,
29.05.19,06:07,Coffee,,,CHF 8.28,
29.05.19,06:07,Coffee,,,CHF 7.94,
28.05.19,06:46,Food,,,CHF 357.97,
26.05.19,06:39,Coffee,,,CHF 7.24,
25.05.19,01:18,Coffee,,,CHF 9.42,
24.05.19,12:00,Rent,,,CHF 1900,
24.05.19,12:00,Utilities,,,CHF 457.76,
24.05.19,12:00,Salary,,,,CHF 3000
21.05.19,06:23,Food,,,CHF 48.97,
17.05.19,01:49,Coffee,,,CHF 3.31,
17.05.19,06:42,Coffee,,,CHF 4.72,
16.05.19,06:20,Food,,,CHF 458.37,
15.05.19,06:13,Food,,,CHF 303.96,
14.05.19,06:25,Food,,,CHF 226.8,
14.05.19,06:37,Coffee,,,CHF 5.66,
14.05.19,06:39,Coffee,,,CHF 8.81,
13.05.19,01:52,Coffee,,,CHF 3.14,
11.05.19,06:02,Coffee,,,CHF 6.6,
11.05.19,06:20,Coffee,,,CHF 4.12,
08.05.19,06:51,Coffee,,,CHF 11.75,
08.05.19,06:31,Coffee,,,CHF 9.14,
05.05.19,06:18,Coffee,,,CHF 10.28,
05.05.19,06:47,Coffee,,,CHF 3.43,
05.05.19,01:29,Coffee,,,CHF 9.27,
05.05.19,01:20,Coffee,,,CHF 5.88,
05.05.19,01:36,Coffee,,,CHF 6.73,
02.05.19,06:01,Clothing,,,CHF 40.61,
02.05.19,06:09,Coffee,,,CHF 9.49,
01.05.19,01:45,Coffee,,,CHF 7.47,
01.05.19,01:50,Coffee,,,CHF 5.76,
29.04.19,06:12,Coffee,,,CHF 9.14,
28.04.19,05:13,Dividends,,,,CHF 708.15
27.04.19,01:12,Coffee,,,CHF 8.9,
25.04.19,06:53,Food,,,CHF 21.22,
24.04.19,12:00,Rent,,,CHF 1900,
24.04.19,12:00,Utilities,,,CHF 499.69,
24.04.19,12:00,Salary,,,,CHF 2000
23.04.19,01:39,Coffee,,,CHF 8.14,
22.04.19,05:52,Coffee,,,CHF 6.87,
20.04.19,06:05,Clothing,,,CHF 65.76,
19.04.19,01:23,Coffee,,,CHF 10.93,
16.04.19,05:24,Coffee,,,CHF 5.61,
16.04.19,05:28,Coffee,,,CHF 7.2,
15.04.19,06:27,Public Transport,,,CHF 10.81,
15.04.19,01:55,Coffee,,,CHF 7.02,
15.04.19,01:06,Coffee,,,CHF 6.86,
13.04.19,05:31,Coffee,,,CHF 3.31,
13.04.19,05:26,Coffee,,,CHF 6.76,
10.04.19,01:14,Coffee,,,CHF 5.35,
10.04.19,05:45,Coffee,,,CHF 7.94,
10.04.19,05:17,Coffee,,,CHF 5.06,
10.04.19,05:57,Coffee,,,CHF 5.95,
10.04.19,05:55,Coffee,,,CHF 4.25,
09.04.19,06:55,Food,,,CHF 498.39,
07.04.19,06:19,Food,,,CHF 111.15,
06.04.19,01:29,Coffee,,,CHF 5.33,
01.04.19,05:35,Coffee,,,CHF 6.56,
31.03.19,12:00,Gifts,,,,CHF 426.88
29.03.19,01:02,Coffee,,,CHF 7.16,
29.03.19,05:49,Coffee,,,CHF 6.03,
29.03.19,01:34,Coffee,,,CHF 7.21,
29.03.19,05:30,Coffee,,,CHF 6.53,
25.03.19,12:00,Rent,,,CHF 1900,
25.03.19,12:00,Utilities,,,CHF 466.07,
25.03.19,01:42,Coffee,,,CHF 10.92,
25.03.19,01:01,Coffee,,,CHF 3.8,
25.03.19,12:00,Salary,,,,CHF 2000
23.03.19,05:27,Coffee,,,CHF 6.51,
21.03.19,01:47,Coffee,,,CHF 8.38,
21.03.19,01:49,Coffee,,,CHF 7.51,
17.03.19,01:07,Coffee,,,CHF 3.28,
17.03.19,01:19,Coffee,,,CHF 5.98,
10.03.19,05:52,Food,,,CHF 26.18,
07.03.19,05:35,Dividends,,,,CHF 628.3
05.03.19,05:19,Food,,,CHF 290.27,
05.03.19,01:08,Coffee,,,CHF 5.81,
01.03.19,01:26,Coffee,,,CHF 3.98,
27.02.19,05:49,Food,,,CHF 35.41,
27.02.19,01:22,Dividends,,,,CHF 801.96
23.02.19,12:00,Rent,,,CHF 1900,
23.02.19,12:00,Utilities,,,CHF 617.03,
23.02.19,12:00,Salary,,,,CHF 2000
22.02.19,05:31,Food,,,CHF 67.93,
22.02.19,05:14,Clothing,,,CHF 38.72,
21.02.19,05:24,Public Transport,,,CHF 72.04,
20.02.19,05:40,Public Transport,,,CHF 20.19,
20.02.19,01:14,Coffee,,,CHF 7.34,
20.02.19,01:32,Coffee,,,CHF 8.05,
17.02.19,01:49,Dividends,,,,CHF 691.18
04.02.19,01:02,Coffee,,,CHF 1.66,
02.02.19,05:26,Food,,,CHF 204.0,
31.01.19,05:59,Food,,,CHF 33.28,
31.01.19,01:41,Coffee,,,CHF 7.8,
30.01.19,05:44,Food,,,CHF 139.4,
25.01.19,05:06,Food,,,CHF 146.17,
24.01.19,12:00,Rent,,,CHF 1900,
24.01.19,12:00,Utilities,,,CHF 545.46,
24.01.19,12:00,Salary,,,,CHF 2000
24.01.19,01:04,Dividends,,,,CHF 794.59
23.01.19,01:39,Coffee,,,CHF 9.08,
23.01.19,01:17,Coffee,,,CHF 8.57,
23.01.19,01:50,Coffee,,,CHF 5.99,
19.01.19,01:36,Coffee,,,CHF 5.29,
18.01.19,05:27,Food,,,CHF 446.37,
13.01.19,04:47,Clothing,,,CHF 64.37,
11.01.19,01:09,Coffee,,,CHF 5.77,
30.12.18,04:51,Food,,,CHF 50.82,
29.12.18,01:18,Coffee,,,CHF 4.96,
25.12.18,04:06,Food,,,CHF 172.84,
25.12.18,12:00,Rent,,,CHF 1900,
25.12.18,12:00,Utilities,,,CHF 709.86,
25.12.18,12:00,Salary,,,,CHF 2000
22.12.18,04:08,Food,,,CHF 19.51,
21.12.18,04:20,Food,,,CHF 366.41,
17.12.18,01:32,Coffee,,,CHF 8.67,
17.12.18,01:01,Coffee,,,CHF 8.61,
13.12.18,01:45,Coffee,,,CHF 5.86,
11.12.18,04:24,Food,,,CHF 180.23,
10.12.18,04:25,Food,,,CHF 548.96,
09.12.18,01:23,Coffee,,,CHF 6.52,
09.12.18,01:56,Coffee,,,CHF 10.7,
05.12.18,04:51,Clothing,,,CHF 46.94,
05.12.18,04:49,Clothing,,,CHF 76.96,
27.11.18,01:58,Coffee,,,CHF 6.17,
27.11.18,01:44,Coffee,,,CHF 8.2,
26.11.18,04:48,Food,,,CHF 611.35,
25.11.18,12:00,Rent,,,CHF 1900,
25.11.18,12:00,Utilities,,,CHF 594.28,
25.11.18,12:00,Salary,,,,CHF 2000
18.11.18,01:21,Coffee,,,CHF 6.88,
12.11.18,04:53,Food,,,CHF 70.93,
06.11.18,00:27,Coffee,,,CHF 4.14,
06.11.18,00:54,Coffee,,,CHF 11.1,
26.10.18,12:00,Rent,,,CHF 1900,
26.10.18,12:00,Utilities,,,CHF 491.32,
26.10.18,12:00,Salary,,,,CHF 2000
25.10.18,00:04,Coffee,,,CHF 8.47,
24.10.18,03:23,Food,,,CHF 563.94,
17.10.18,00:42,Coffee,,,CHF 5.24,
17.10.18,00:10,Coffee,,,CHF 4.52,
17.10.18,00:47,Coffee,,,CHF 6.63,
13.10.18,00:18,Coffee,,,CHF 9.21,
13.10.18,00:45,Coffee,,,CHF 3.98,
09.10.18,00:10,Coffee,,,CHF 9.06,
09.10.18,00:16,Coffee,,,CHF 9.61,
08.10.18,03:55,Clothing,,,CHF 96.44,
06.10.18,03:01,Food,,,CHF 142.54,
27.09.18,03:40,Public Transport,,,CHF 29.64,
26.09.18,12:00,Rent,,,CHF 1900,
26.09.18,12:00,Utilities,,,CHF 395.08,
26.09.18,12:00,Salary,,,,CHF 2000
25.09.18,03:57,Food,,,CHF 272.66,
22.09.18,00:46,Coffee,,,CHF 8.17,
18.09.18,03:51,Food,,,CHF 453.61,
16.09.18,03:43,Food,,,CHF 283.31,
06.09.18,00:33,Coffee,,,CHF 0.77,
06.09.18,00:43,Coffee,,,CHF 8.04,
29.08.18,00:15,Coffee,,,CHF 8.45,
27.08.18,12:00,Rent,,,CHF 1900,
27.08.18,12:00,Utilities,,,CHF 709.75,
27.08.18,12:00,Salary,,,,CHF 2000
25.08.18,00:47,Coffee,,,CHF 6.68,
21.08.18,03:53,Food,,,CHF 381.86,
19.08.18,03:22,Public Transport,,,CHF 40.32,
15.08.18,12:00,Gifts,,,,CHF 354.61
09.08.18,00:44,Dividends,,,,CHF 755.5
08.08.18,00:50,Coffee,,,CHF 8.94,
04.08.18,00:21,Coffee,,,CHF 9.17,
30.07.18,02:05,Food,,,CHF 178.86,
28.07.18,02:01,Public Transport,,,CHF 36.92,
28.07.18,12:00,Rent,,,CHF 1900,
28.07.18,12:00,Utilities,,,CHF 613.59,
28.07.18,12:00,Salary,,,,CHF 2000
15.07.18,02:45,Food,,,CHF 217.72,
15.07.18,00:17,Coffee,,,CHF 8.11,
02.07.18,00:12,Coffee,,,CHF 5.7,
01.07.18,02:18,Food,,,CHF 17.59,
28.06.18,02:38,Public Transport,,,CHF 11.08,
28.06.18,12:00,Rent,,,CHF 1900,
28.06.18,12:00,Utilities,,,CHF 590.2,
28.06.18,12:00,Salary,,,,CHF 2000
26.06.18,02:51,Food,,,CHF 13.17,
26.06.18,02:45,Clothing,,,CHF 74.35,
24.06.18,00:13,Coffee,,,CHF 5.71,
23.06.18,02:52,Food,,,CHF 197.04,
14.06.18,02:38,Food,,,CHF 507.95,
09.06.18,02:37,Food,,,CHF 50.03,
08.06.18,02:30,Food,,,CHF 14.61,
06.06.18,02:01,Food,,,CHF 47.94,
31.05.18,01:41,Food,,,CHF 80.28,
31.05.18,00:44,Coffee,,,CHF 5.3,
29.05.18,12:00,Rent,,,CHF 1900,
29.05.18,12:00,Utilities,,,CHF 197.44,
29.05.18,12:00,Salary,,,,CHF 2000
27.05.18,00:40,Coffee,,,CHF 8.12,
23.05.18,00:31,Coffee,,,CHF 7.48,
21.05.18,01:53,Food,,,CHF 458.67,
14.05.18,01:40,Public Transport,,,CHF 3.84,
09.05.18,01:40,Public Transport,,,CHF 14.51,
05.05.18,01:02,Food,,,CHF 28.7,
02.05.18,00:12,Coffee,,,CHF 5.04,
29.04.18,01:46,Food,,,CHF 72.39,
29.04.18,12:00,Rent,,,CHF 1900,
29.04.18,12:00,Utilities,,,CHF 405.88,
29.04.18,12:00,Salary,,,,CHF 2000
28.04.18,00:26,Coffee,,,CHF 6.82,
27.04.18,01:26,Public Transport,,,CHF 28.88,
24.04.18,00:48,Coffee,,,CHF 7.01,
24.04.18,00:35,Coffee,,,CHF 4.96,
24.04.18,00:07,Coffee,,,CHF 5.37,
24.04.18,00:53,Coffee,,,CHF 6.09,
12.04.18,00:37,Coffee,,,CHF 4.55,
12.04.18,00:23,Coffee,,,CHF 7.73,
11.04.18,01:21,Food,,,CHF 192.08,
11.04.18,12:00,Holiday,Holiday Trip Ibiza,,1800,
08.04.18,00:08,Coffee,,,CHF 6.22,
08.04.18,00:28,Coffee,,,CHF 5.96,
08.04.18,00:57,Coffee,,,CHF 7.81,
07.04.18,01:24,Food,,,CHF 88.79,
04.04.18,00:52,Coffee,,,CHF 10.02,
04.04.18,00:20,Coffee,,,CHF 3.81,
30.03.18,12:00,Rent,,,CHF 1900,
30.03.18,12:00,Utilities,,,CHF 560.09,
30.03.18,12:00,Salary,,,,CHF 2000
27.03.18,01:02,Food,,,CHF 602.22,
26.03.18,00:46,Coffee,,,CHF 3.84,
22.03.18,00:39,Coffee,,,CHF 3.98,
22.03.18,00:30,Coffee,,,CHF 8.17,
14.03.18,00:18,Coffee,,,CHF 4.79,
10.03.18,00:57,Coffee,,,CHF 9.87,
10.03.18,00:39,Coffee,,,CHF 3.34,
09.03.18,00:58,Food,,,CHF 73.49,
06.03.18,00:03,Coffee,,,CHF 6.61,
03.03.18,00:43,Public Transport,,,CHF 48.26,
01.03.18,00:40,Clothing,,,CHF 58.95,
28.02.18,12:00,Rent,,,CHF 1900,
28.02.18,12:00,Utilities,,,CHF 454.54,
28.02.18,12:00,Salary,,,,CHF 2000
26.02.18,00:36,Public Transport,,,CHF 3.04,
25.02.18,00:08,Public Transport,,,CHF 11.45,
23.02.18,00:30,Food,,,CHF 317.54,
22.02.18,00:50,Coffee,,,CHF 6.24,
22.02.18,00:15,Coffee,,,CHF 6.74,
21.02.18,00:33,Food,,,CHF 348.42,
18.02.18,00:58,Coffee,,,CHF 7.47,
12.02.18,00:52,Food,,,CHF 47.74,
09.02.18,00:00,Clothing,,,CHF 17.97,
05.02.18,00:56,Coffee,,,CHF 6.62,
05.02.18,00:08,Coffee,,,CHF 7.04,
01.02.18,00:18,Coffee,,,CHF 3.14,
31.01.18,00:04,Food,,,CHF 146.13,
29.01.18,12:00,Rent,,,CHF 1900,
29.01.18,12:00,Utilities,,,CHF 556.5,
29.01.18,12:00,Salary,,,,CHF 2000
26.01.18,00:29,Public Transport,,,CHF 8.46,
24.01.18,00:49,Coffee,,,CHF 7.47,
16.01.18,00:35,Coffee,,,CHF 11.11,
12.01.18,00:02,Coffee,,,CHF 3.94,
12.01.18,00:25,Coffee,,,CHF 6.85,
12.01.18,00:45,Coffee,,,CHF 10.21,
10.01.18,00:14,Food,,,CHF 175.98,
08.01.18,00:51,Coffee,,,CHF 7.95,
08.01.18,00:23,Coffee,,,CHF 7.97,
08.01.18,00:10,Coffee,,,CHF 9.26,
